Transaction ID,Date,Time,City,Customer ID,Gender,Age,Product Category,Quantity,Price per Unit,Total Amount,Inventory,Import Cost,Promotion,Holiday
1,2023-11-24,10:40,TP.HCM,CUST001,Male,34,Beauty,3,50,150,79,32.62,No,No
2,2023-02-27,15:07,Hải Phòng,CUST002,Female,26,Clothing,2,500,1000,244,324.7,No,No
3,2023-01-13,19:01,TP.HCM,CUST003,Male,50,Electronics,1,30,30,47,23.44,Yes,No
4,2023-05-21,18:47,TP.HCM,CUST004,Male,37,Clothing,1,500,500,219,324.95,No,No
5,2023-05-06,18:17,Hà Nội,CUST005,Male,30,Beauty,2,50,100,115,32.72,No,No
6,2023-04-25,17:15,Hà Nội,CUST006,Female,45,Beauty,1,30,30,144,22.56,No,No
7,2023-03-13,17:14,Hà Nội,CUST007,Male,46,Clothing,2,25,50,142,17.25,No,No
8,2023-02-22,19:08,Đà Nẵng,CUST008,Male,30,Electronics,4,25,100,97,18.88,Yes,No
9,2023-12-13,11:47,TP.HCM,CUST009,Male,63,Electronics,2,300,600,97,183.92,No,No
10,2023-10-07,14:06,TP.HCM,CUST010,Female,52,Clothing,4,50,200,291,34.88,Yes,No
11,2023-02-14,11:43,Hà Nội,CUST011,Male,23,Clothing,2,50,100,283,30.34,No,No
12,2023-10-30,22:47,Hải Phòng,CUST012,Male,35,Beauty,3,25,75,79,15.31,Yes,No
13,2023-08-05,21:57,Đà Nẵng,CUST013,Male,22,Electronics,3,500,1500,40,390.64,No,No
14,2023-01-17,08:34,Hà Nội,CUST014,Male,64,Clothing,4,30,120,179,18.84,No,No
15,2023-01-16,17:05,Hà Nội,CUST015,Female,42,Electronics,4,500,2000,33,353.24,No,No
16,2023-02-17,21:37,Hà Nội,CUST016,Male,19,Clothing,3,500,1500,248,341.11,No,No
17,2023-04-22,10:27,Hà Nội,CUST017,Female,27,Clothing,4,25,100,106,16.74,No,No
18,2023-04-30,16:02,TP.HCM,CUST018,Female,47,Electronics,2,25,50,59,19.5,No,Yes
19,2023-09-16,20:01,TP.HCM,CUST019,Female,62,Clothing,2,25,50,247,15.11,Yes,No
20,2023-11-05,08:05,Hà Nội,CUST020,Male,22,Clothing,3,300,900,273,219.83,No,No
21,2023-01-14,17:13,TP.HCM,CUST021,Female,50,Beauty,1,500,500,146,396.34,Yes,No
22,2023-10-15,11:14,Hà Nội,CUST022,Male,18,Clothing,2,50,100,201,35.6,No,No
23,2023-04-12,21:32,Hà Nội,CUST023,Female,35,Clothing,4,30,120,283,23.62,No,No
24,2023-11-29,22:38,TP.HCM,CUST024,Female,49,Clothing,1,300,300,150,183.14,No,No
25,2023-12-26,21:01,TP.HCM,CUST025,Female,64,Beauty,1,50,50,69,34.19,Yes,No
26,2023-10-07,14:35,Đà Nẵng,CUST026,Female,28,Electronics,2,500,1000,95,326.02,No,No
27,2023-08-03,19:12,Hà Nội,CUST027,Female,38,Beauty,2,25,50,112,18.65,No,No
28,2023-04-23,19:45,TP.HCM,CUST028,Female,43,Beauty,1,500,500,76,398.13,No,No
29,2023-08-18,11:41,TP.HCM,CUST029,Female,42,Electronics,1,30,30,58,19.54,No,No
30,2023-10-29,19:44,Hà Nội,CUST030,Female,39,Beauty,3,300,900,80,219.25,No,No
31,2023-05-23,08:34,TP.HCM,CUST031,Male,44,Electronics,4,300,1200,92,191.89,Yes,No
32,2023-01-04,16:26,Hà Nội,CUST032,Male,30,Beauty,3,30,90,60,21.39,No,No
33,2023-03-23,11:14,Hà Nội,CUST033,Female,50,Electronics,2,50,100,64,34.64,No,No
34,2023-12-24,10:28,Cần Thơ,CUST034,Female,51,Clothing,3,50,150,236,39.72,Yes,Yes
35,2023-08-05,09:37,Hải Phòng,CUST035,Female,58,Beauty,3,300,900,159,216.51,Yes,No
36,2023-06-24,17:17,Đà Nẵng,CUST036,Male,52,Beauty,3,300,900,144,200.97,Yes,No
37,2023-05-23,12:51,Hà Nội,CUST037,Female,18,Beauty,3,25,75,67,15.57,No,No
38,2023-03-21,18:55,Hà Nội,CUST038,Male,38,Beauty,4,50,200,179,31.51,No,No
39,2023-04-21,09:00,TP.HCM,CUST039,Male,23,Clothing,4,30,120,265,19.35,Yes,No
40,2023-06-22,11:48,TP.HCM,CUST040,Male,45,Beauty,1,50,50,137,32.51,No,No
41,2023-02-22,15:51,Hà Nội,CUST041,Male,34,Clothing,2,25,50,103,19.25,Yes,No
42,2023-02-17,18:10,TP.HCM,CUST042,Male,22,Clothing,3,300,900,207,213.67,No,No
43,2023-07-14,11:44,Hà Nội,CUST043,Female,48,Clothing,1,300,300,225,211.4,Yes,No
44,2023-02-19,17:27,Cần Thơ,CUST044,Female,22,Clothing,1,25,25,127,15.57,No,No
45,2023-07-03,20:21,Hà Nội,CUST045,Female,55,Electronics,1,30,30,75,23.16,No,No
46,2023-06-26,16:17,TP.HCM,CUST046,Female,20,Electronics,4,300,1200,66,223.37,No,No
47,2023-11-06,11:09,Hà Nội,CUST047,Female,40,Beauty,3,500,1500,167,306.77,No,No
48,2023-05-16,08:13,TP.HCM,CUST048,Male,54,Electronics,3,300,900,39,222.47,No,No
49,2023-01-23,19:48,TP.HCM,CUST049,Female,54,Electronics,2,500,1000,75,354.35,No,Yes
50,2023-08-24,08:21,Hà Nội,CUST050,Female,27,Beauty,3,25,75,95,15.41,Yes,No
51,2023-10-02,19:06,Hải Phòng,CUST051,Male,27,Beauty,3,25,75,183,17.29,Yes,No
52,2023-03-05,15:05,Đà Nẵng,CUST052,Female,36,Beauty,1,300,300,119,209.08,No,No
53,2023-07-13,21:24,Cần Thơ,CUST053,Male,34,Electronics,2,50,100,98,31.66,Yes,No
54,2023-02-10,18:06,Đà Nẵng,CUST054,Female,38,Electronics,3,500,1500,88,394.57,Yes,No
55,2023-10-10,22:22,TP.HCM,CUST055,Male,31,Beauty,4,30,120,173,23.1,No,No
56,2023-05-31,12:54,Cần Thơ,CUST056,Female,26,Clothing,3,300,900,219,220.14,No,No
57,2023-11-18,18:22,Hà Nội,CUST057,Female,63,Beauty,1,30,30,161,20.77,No,No
58,2023-11-13,13:38,Hà Nội,CUST058,Male,18,Clothing,4,300,1200,287,204.71,Yes,No
59,2023-07-05,14:16,Hà Nội,CUST059,Male,62,Clothing,1,50,50,251,36.51,Yes,No
60,2023-10-23,17:51,Hà Nội,CUST060,Male,30,Beauty,3,50,150,118,35.45,No,No
61,2023-04-09,19:02,TP.HCM,CUST061,Male,21,Beauty,4,50,200,132,30.62,Yes,No
62,2023-12-27,22:46,Hà Nội,CUST062,Male,18,Beauty,2,50,100,112,35.13,Yes,No
63,2023-02-05,18:29,Đà Nẵng,CUST063,Male,57,Electronics,2,25,50,31,19.03,No,No
64,2023-01-24,13:34,TP.HCM,CUST064,Male,49,Clothing,4,25,100,171,17.3,No,Yes
65,2023-12-05,13:07,Hà Nội,CUST065,Male,51,Electronics,4,500,2000,77,305.2,No,No
66,2023-04-27,18:59,TP.HCM,CUST066,Female,45,Electronics,1,30,30,51,22.72,Yes,No
67,2023-05-29,11:24,Hà Nội,CUST067,Female,48,Beauty,4,300,1200,168,192.08,Yes,No
68,2023-02-10,09:05,Đà Nẵng,CUST068,Male,25,Electronics,1,300,300,92,195.52,No,No
69,2023-04-30,12:35,Hà Nội,CUST069,Female,56,Beauty,3,25,75,147,15.82,Yes,Yes
70,2023-02-21,11:18,Hải Phòng,CUST070,Female,43,Clothing,1,300,300,186,199.81,No,No
71,2023-07-14,11:53,Đà Nẵng,CUST071,Female,51,Beauty,4,25,100,57,18.78,No,No
72,2023-05-23,11:40,Hà Nội,CUST072,Female,20,Electronics,4,500,2000,83,351.94,No,No
73,2023-08-21,08:39,Hà Nội,CUST073,Male,29,Electronics,3,30,90,61,19.23,No,No
74,2023-11-22,08:56,Đà Nẵng,CUST074,Female,18,Beauty,4,500,2000,96,387.78,Yes,No
75,2023-07-06,22:55,TP.HCM,CUST075,Male,61,Beauty,4,50,200,174,38.8,No,No
76,2023-03-25,13:23,TP.HCM,CUST076,Female,22,Electronics,2,50,100,47,38.71,No,No
77,2023-07-09,12:36,Đà Nẵng,CUST077,Female,47,Clothing,2,50,100,190,32.39,No,No
78,2023-07-01,17:12,Hà Nội,CUST078,Female,47,Clothing,3,500,1500,166,345.12,Yes,No
79,2023-04-18,10:45,TP.HCM,CUST079,Male,34,Beauty,1,300,300,137,239.1,Yes,No
80,2023-12-10,21:04,Hà Nội,CUST080,Female,64,Clothing,2,30,60,171,22.63,No,No
81,2023-05-17,18:02,Đà Nẵng,CUST081,Male,40,Electronics,1,50,50,96,30.27,No,No
82,2023-12-26,09:42,TP.HCM,CUST082,Female,32,Beauty,4,50,200,120,30.65,No,No
83,2023-12-16,13:14,Hà Nội,CUST083,Male,54,Electronics,2,50,100,91,34.64,Yes,No
84,2023-11-28,19:49,Hà Nội,CUST084,Female,38,Electronics,3,30,90,21,23.46,No,No
85,2023-02-06,21:18,Hà Nội,CUST085,Male,31,Clothing,3,50,150,232,35.39,No,No
86,2023-11-08,14:05,Hà Nội,CUST086,Male,19,Beauty,3,30,90,98,20.99,No,No
87,2023-11-22,16:54,TP.HCM,CUST087,Female,28,Beauty,2,50,100,71,31.05,No,No
88,2023-03-29,10:14,TP.HCM,CUST088,Male,56,Clothing,1,500,500,161,365.68,Yes,No
89,2023-10-01,22:55,Đà Nẵng,CUST089,Female,55,Electronics,4,500,2000,72,382.21,No,No
90,2023-05-06,11:06,TP.HCM,CUST090,Female,51,Electronics,1,30,30,82,20.28,Yes,No
91,2023-03-25,21:24,Hà Nội,CUST091,Female,55,Electronics,1,500,500,91,377.56,No,No
92,2023-08-25,17:17,TP.HCM,CUST092,Female,51,Electronics,4,30,120,50,23.79,No,No
93,2023-07-14,16:29,Đà Nẵng,CUST093,Female,35,Beauty,4,500,2000,171,320.38,No,No
94,2023-05-19,15:40,TP.HCM,CUST094,Female,47,Beauty,2,500,1000,175,352.33,No,No
95,2023-11-24,11:53,Đà Nẵng,CUST095,Female,32,Clothing,2,30,60,214,19.72,Yes,No
96,2023-12-19,10:23,TP.HCM,CUST096,Female,44,Clothing,2,300,600,104,227.57,No,No
97,2023-10-13,11:10,TP.HCM,CUST097,Female,51,Beauty,2,500,1000,73,357.76,No,No
98,2023-04-23,10:23,TP.HCM,CUST098,Female,55,Beauty,2,50,100,125,36.35,Yes,No
99,2023-12-17,18:22,Hà Nội,CUST099,Female,50,Electronics,4,300,1200,48,227.87,Yes,No
100,2023-06-16,12:13,Hà Nội,CUST100,Male,41,Electronics,1,30,30,71,20.38,No,No
101,2023-01-29,09:42,Hà Nội,CUST101,Male,32,Clothing,2,300,600,277,234.91,Yes,No
102,2023-04-28,21:17,TP.HCM,CUST102,Female,47,Beauty,2,25,50,112,17.67,No,No
103,2023-01-17,20:44,Hà Nội,CUST103,Female,59,Clothing,1,25,25,178,15.79,No,No
104,2023-06-11,21:59,TP.HCM,CUST104,Female,34,Beauty,2,500,1000,198,369.59,No,No
105,2023-07-25,22:43,Cần Thơ,CUST105,Female,22,Electronics,1,500,500,67,379.33,Yes,No
106,2023-05-18,10:41,Hà Nội,CUST106,Female,46,Clothing,1,50,50,221,33.17,No,No
107,2023-02-03,12:04,TP.HCM,CUST107,Female,21,Clothing,4,300,1200,241,231.43,No,No
108,2023-04-19,18:38,Đà Nẵng,CUST108,Female,27,Beauty,3,25,75,185,19.53,Yes,No
109,2023-10-18,17:40,Hà Nội,CUST109,Female,34,Electronics,4,500,2000,64,327.69,No,No
110,2023-06-11,10:10,Hà Nội,CUST110,Male,27,Clothing,3,300,900,208,239.01,No,No
111,2023-04-19,18:34,Hà Nội,CUST111,Female,34,Electronics,3,500,1500,90,314.07,No,No
112,2023-12-02,11:46,Hà Nội,CUST112,Male,37,Clothing,3,500,1500,184,320.2,Yes,No
113,2023-09-13,11:15,Cần Thơ,CUST113,Female,41,Electronics,2,25,50,65,15.92,No,No
114,2023-07-22,15:10,Đà Nẵng,CUST114,Female,22,Beauty,4,25,100,166,19.47,Yes,No
115,2023-11-26,16:29,TP.HCM,CUST115,Male,51,Clothing,3,500,1500,169,365.43,Yes,No
116,2023-08-23,16:24,Đà Nẵng,CUST116,Female,23,Clothing,1,30,30,178,18.91,No,No
117,2023-03-15,09:17,Đà Nẵng,CUST117,Male,19,Electronics,2,500,1000,52,344.03,No,No
118,2023-05-16,19:59,Hà Nội,CUST118,Female,30,Electronics,4,500,2000,49,361.53,Yes,No
119,2023-03-13,11:40,Đà Nẵng,CUST119,Female,60,Clothing,3,50,150,130,30.83,Yes,No
120,2023-05-07,10:44,TP.HCM,CUST120,Male,60,Beauty,1,50,50,99,38.82,Yes,No
121,2023-10-15,20:35,Đà Nẵng,CUST121,Female,28,Electronics,4,50,200,60,38.04,Yes,No
122,2023-10-03,21:14,Đà Nẵng,CUST122,Male,64,Electronics,4,30,120,35,21.03,Yes,No
123,2023-05-15,19:43,Hà Nội,CUST123,Female,40,Electronics,2,30,60,88,23.8,Yes,No
124,2023-10-27,18:20,Hà Nội,CUST124,Male,33,Clothing,4,500,2000,295,341.78,No,No
125,2023-08-08,17:53,Hà Nội,CUST125,Male,48,Clothing,2,50,100,276,39.84,No,No
126,2023-10-26,15:49,TP.HCM,CUST126,Female,28,Clothing,3,30,90,147,22.01,No,No
127,2023-07-24,09:49,Đà Nẵng,CUST127,Female,33,Clothing,2,25,50,149,18.17,No,No
128,2023-07-05,13:03,Đà Nẵng,CUST128,Male,25,Beauty,1,500,500,105,316.6,Yes,No
129,2023-04-23,12:14,Hà Nội,CUST129,Female,21,Beauty,2,300,600,173,232.92,No,No
130,2023-03-12,11:52,TP.HCM,CUST130,Female,57,Clothing,1,500,500,170,342.75,No,No
131,2023-09-18,18:02,TP.HCM,CUST131,Female,21,Beauty,2,300,600,200,189.73,No,No
132,2023-09-10,14:51,Hà Nội,CUST132,Male,42,Electronics,4,50,200,87,30.13,No,No
133,2023-02-16,09:20,Hà Nội,CUST133,Male,20,Electronics,3,300,900,96,213.59,No,No
134,2023-01-25,11:25,Hà Nội,CUST134,Male,49,Electronics,1,50,50,56,35.27,No,No
135,2023-02-26,17:17,Cần Thơ,CUST135,Male,20,Clothing,2,25,50,125,18.6,Yes,No
136,2023-03-20,09:04,Hà Nội,CUST136,Male,44,Electronics,2,300,600,44,233.42,No,No
137,2023-11-18,19:13,TP.HCM,CUST137,Male,46,Beauty,2,500,1000,125,307.94,No,No
138,2023-03-23,14:58,TP.HCM,CUST138,Male,49,Clothing,4,50,200,158,37.31,No,No
139,2023-12-15,14:36,TP.HCM,CUST139,Male,36,Beauty,4,500,2000,142,318.74,No,No
140,2023-08-05,16:56,Hải Phòng,CUST140,Male,38,Electronics,1,30,30,42,23.15,Yes,No
141,2023-11-02,19:45,Hải Phòng,CUST141,Female,22,Electronics,1,50,50,58,38.19,No,No
142,2023-02-02,12:20,Hà Nội,CUST142,Male,35,Electronics,4,300,1200,21,212.45,No,No
143,2023-07-17,17:13,TP.HCM,CUST143,Female,45,Clothing,1,50,50,281,37.1,No,No
144,2023-07-15,16:41,Hà Nội,CUST144,Female,59,Beauty,3,500,1500,186,331.44,No,No
145,2023-11-02,11:31,Hà Nội,CUST145,Female,39,Clothing,3,25,75,132,17.36,Yes,No
146,2023-08-28,19:25,Hà Nội,CUST146,Male,38,Clothing,4,50,200,170,38.22,No,No
147,2023-09-28,18:56,TP.HCM,CUST147,Male,23,Electronics,1,300,300,25,207.56,No,No
148,2023-05-09,17:58,TP.HCM,CUST148,Male,18,Clothing,2,30,60,113,20.15,No,No
149,2023-10-11,19:41,Hà Nội,CUST149,Male,22,Clothing,3,25,75,241,17.47,No,No
150,2023-01-06,19:29,Hà Nội,CUST150,Female,58,Electronics,4,30,120,57,22.97,No,No
151,2023-12-15,17:09,Cần Thơ,CUST151,Male,29,Clothing,1,50,50,278,33.35,No,No
152,2023-02-28,19:16,Hà Nội,CUST152,Male,43,Electronics,4,500,2000,36,317.38,Yes,No
153,2023-12-16,17:08,Hà Nội,CUST153,Male,63,Electronics,2,500,1000,82,371.2,No,No
154,2023-10-02,17:15,TP.HCM,CUST154,Male,51,Electronics,3,300,900,33,229.56,No,No
155,2023-05-17,16:47,Hải Phòng,CUST155,Male,31,Electronics,4,500,2000,21,310.06,No,No
156,2023-11-25,18:35,Hà Nội,CUST156,Female,43,Clothing,4,25,100,246,16.2,No,No
157,2023-06-24,10:34,TP.HCM,CUST157,Male,62,Electronics,4,500,2000,56,314.2,No,No
158,2023-02-27,20:16,Đà Nẵng,CUST158,Female,44,Electronics,2,300,600,80,200.88,Yes,No
159,2023-05-31,19:47,Hà Nội,CUST159,Male,26,Clothing,4,50,200,222,34.5,No,No
160,2023-08-11,08:37,TP.HCM,CUST160,Female,43,Clothing,2,50,100,212,37.49,Yes,No
161,2023-03-22,19:27,TP.HCM,CUST161,Male,64,Beauty,2,500,1000,137,365.11,No,No
162,2023-08-21,10:57,TP.HCM,CUST162,Male,39,Clothing,2,30,60,147,21.73,Yes,No
163,2023-01-02,12:37,TP.HCM,CUST163,Female,64,Clothing,3,50,150,113,33.52,No,No
164,2023-05-15,18:25,TP.HCM,CUST164,Female,47,Beauty,3,500,1500,114,384.14,No,No
165,2023-09-14,10:23,Hà Nội,CUST165,Female,60,Clothing,4,300,1200,222,208.28,Yes,No
166,2023-04-02,18:14,Đà Nẵng,CUST166,Male,34,Clothing,4,500,2000,129,397.91,No,No
167,2023-09-17,19:08,Hà Nội,CUST167,Female,43,Clothing,3,50,150,116,36.34,No,No
168,2023-02-24,14:32,Hà Nội,CUST168,Male,53,Clothing,1,300,300,202,187.58,Yes,No
169,2023-11-17,08:31,Hà Nội,CUST169,Male,18,Beauty,3,500,1500,175,367.62,No,No
170,2023-06-02,11:05,TP.HCM,CUST170,Female,25,Clothing,2,25,50,118,16.63,No,No
171,2023-11-24,16:48,TP.HCM,CUST171,Female,52,Clothing,3,300,900,247,221.18,No,No
172,2023-09-17,22:03,Hà Nội,CUST172,Male,32,Beauty,2,25,50,63,15.35,Yes,No
173,2023-11-08,17:55,TP.HCM,CUST173,Male,64,Electronics,4,30,120,39,19.05,Yes,No
174,2023-04-12,11:07,Hà Nội,CUST174,Female,39,Beauty,1,300,300,88,231.34,Yes,No
175,2023-03-20,17:09,TP.HCM,CUST175,Female,31,Electronics,4,25,100,92,16.14,Yes,No
176,2023-07-11,15:40,Hà Nội,CUST176,Female,43,Beauty,2,50,100,127,38.37,Yes,No
177,2023-03-24,18:10,TP.HCM,CUST177,Male,45,Beauty,2,50,100,71,32.79,No,No
178,2023-10-04,09:50,TP.HCM,CUST178,Male,40,Clothing,2,30,60,163,21.86,No,No
179,2023-09-29,18:43,Cần Thơ,CUST179,Male,31,Electronics,1,300,300,35,221.65,No,No
180,2023-01-01,15:27,Hà Nội,CUST180,Male,41,Clothing,3,300,900,242,210.76,No,No
181,2023-11-03,21:38,Hà Nội,CUST181,Male,19,Electronics,4,300,1200,73,198.32,Yes,No
182,2023-06-15,12:04,Hà Nội,CUST182,Male,62,Beauty,4,30,120,107,19.28,Yes,No
183,2023-09-08,17:24,Cần Thơ,CUST183,Female,43,Beauty,3,300,900,183,181.99,No,No
184,2023-01-10,21:24,Đà Nẵng,CUST184,Male,31,Electronics,4,50,200,68,33.04,Yes,No
185,2023-02-27,09:38,Hà Nội,CUST185,Male,24,Clothing,1,25,25,215,18.27,No,No
186,2023-07-05,21:29,TP.HCM,CUST186,Male,20,Clothing,4,50,200,213,39.38,No,No
187,2023-06-07,17:33,Đà Nẵng,CUST187,Female,64,Clothing,2,50,100,176,38.71,No,No
188,2023-05-03,09:16,TP.HCM,CUST188,Male,40,Clothing,3,25,75,250,18.83,No,No
189,2023-01-30,11:35,TP.HCM,CUST189,Male,63,Beauty,1,50,50,159,37.88,No,No
190,2023-05-04,17:55,Hà Nội,CUST190,Female,60,Beauty,3,30,90,128,21.99,No,No
191,2023-10-18,09:00,Hà Nội,CUST191,Male,64,Beauty,1,25,25,195,16.3,No,No
192,2023-02-10,16:43,Đà Nẵng,CUST192,Male,62,Beauty,2,50,100,65,39.07,No,No
193,2023-02-13,12:46,Cần Thơ,CUST193,Male,35,Beauty,3,500,1500,75,367.07,No,No
194,2023-09-06,17:07,TP.HCM,CUST194,Male,55,Clothing,4,50,200,295,35.6,No,No
195,2023-02-05,08:43,Hà Nội,CUST195,Male,52,Clothing,1,30,30,153,18.67,No,No
196,2023-09-30,19:56,Hà Nội,CUST196,Female,32,Clothing,3,300,900,260,206.82,No,No
197,2023-03-06,22:34,TP.HCM,CUST197,Female,42,Clothing,4,50,200,154,34.6,No,No
198,2023-03-07,21:48,Đà Nẵng,CUST198,Female,54,Beauty,3,300,900,117,231.87,No,No
199,2023-12-04,18:17,Đà Nẵng,CUST199,Male,45,Beauty,3,500,1500,70,354.66,Yes,No
200,2023-09-01,10:49,Đà Nẵng,CUST200,Male,27,Beauty,3,50,150,90,33.8,No,No
201,2023-10-09,18:41,TP.HCM,CUST201,Male,56,Electronics,1,25,25,50,19.88,No,No
202,2023-03-26,08:21,Hà Nội,CUST202,Female,34,Clothing,4,300,1200,144,186.64,No,No
203,2023-05-16,08:07,Hà Nội,CUST203,Male,56,Clothing,2,500,1000,241,342.25,Yes,No
204,2023-09-28,12:18,Đà Nẵng,CUST204,Male,39,Beauty,1,25,25,69,15.21,No,No
205,2023-11-07,14:27,TP.HCM,CUST205,Female,43,Clothing,1,25,25,140,18.7,No,No
206,2023-08-05,18:10,Hà Nội,CUST206,Male,61,Clothing,1,25,25,100,19.59,No,No
207,2023-04-19,17:29,Hà Nội,CUST207,Female,42,Beauty,2,25,50,154,16.4,No,No
208,2023-10-04,13:00,TP.HCM,CUST208,Female,34,Electronics,4,50,200,77,38.58,No,No
209,2023-12-20,11:46,Hà Nội,CUST209,Female,30,Electronics,4,50,200,96,32.92,No,No
210,2023-04-13,22:56,Hà Nội,CUST210,Male,37,Electronics,4,50,200,80,39.11,No,No
211,2024-01-01,13:46,TP.HCM,CUST211,Male,42,Beauty,3,500,1500,124,375.4,Yes,No
212,2023-06-09,13:16,TP.HCM,CUST212,Male,21,Clothing,3,500,1500,108,380.49,No,No
213,2023-07-24,10:32,TP.HCM,CUST213,Male,27,Beauty,3,500,1500,109,301.8,Yes,No
214,2023-12-10,18:48,Hà Nội,CUST214,Male,20,Beauty,2,30,60,123,23.78,No,No
215,2023-11-29,17:11,TP.HCM,CUST215,Male,58,Clothing,3,500,1500,280,372.67,Yes,No
216,2023-07-11,11:32,Hà Nội,CUST216,Male,62,Electronics,2,50,100,56,33.05,Yes,No
217,2023-08-13,09:58,Hà Nội,CUST217,Female,35,Electronics,4,50,200,78,38.29,Yes,No
218,2023-09-22,17:06,TP.HCM,CUST218,Male,64,Beauty,3,30,90,68,19.69,Yes,No
219,2023-08-20,17:55,TP.HCM,CUST219,Female,53,Electronics,3,30,90,49,23.24,No,No
220,2023-03-03,11:40,Đà Nẵng,CUST220,Male,64,Beauty,1,500,500,117,311.26,No,No
221,2023-05-07,21:19,TP.HCM,CUST221,Male,39,Beauty,2,300,600,200,222.22,No,No
222,2023-04-26,10:53,TP.HCM,CUST222,Male,51,Clothing,4,30,120,269,21.24,Yes,No
223,2023-02-02,13:40,Hà Nội,CUST223,Female,64,Clothing,1,25,25,150,15.48,Yes,No
224,2023-06-23,21:32,TP.HCM,CUST224,Female,25,Clothing,1,50,50,208,32.42,Yes,No
225,2023-01-11,13:38,Hà Nội,CUST225,Female,57,Beauty,4,25,100,79,15.06,Yes,No
226,2023-10-29,17:12,Hà Nội,CUST226,Female,61,Clothing,1,50,50,239,34.69,No,No
227,2023-10-11,12:09,Hải Phòng,CUST227,Male,36,Electronics,2,50,100,48,33.01,Yes,No
228,2023-04-28,11:23,TP.HCM,CUST228,Female,59,Electronics,2,30,60,39,21.59,No,No
229,2023-10-29,22:48,Đà Nẵng,CUST229,Male,58,Beauty,3,30,90,118,19.78,Yes,No
230,2023-04-23,13:10,TP.HCM,CUST230,Male,54,Beauty,1,25,25,86,16.5,Yes,No
231,2023-01-04,20:34,Đà Nẵng,CUST231,Female,23,Clothing,3,50,150,118,37.43,No,No
232,2023-02-06,11:49,TP.HCM,CUST232,Female,43,Beauty,1,25,25,65,15.24,No,No
233,2023-12-29,10:59,TP.HCM,CUST233,Female,51,Beauty,2,300,600,92,234.17,Yes,No
234,2023-11-20,08:33,TP.HCM,CUST234,Female,62,Electronics,2,25,50,59,19.26,Yes,No
235,2023-01-31,17:58,Hà Nội,CUST235,Female,23,Electronics,2,500,1000,96,366.78,No,No
236,2023-04-28,12:00,TP.HCM,CUST236,Female,54,Clothing,1,25,25,291,17.97,Yes,No
237,2023-02-04,19:38,Hà Nội,CUST237,Female,50,Beauty,2,500,1000,195,389.23,Yes,No
238,2023-01-17,14:20,Hà Nội,CUST238,Female,39,Beauty,1,500,500,123,318.53,No,No
239,2023-06-19,21:31,TP.HCM,CUST239,Male,38,Electronics,3,500,1500,76,307.9,No,No
240,2023-02-06,10:01,Hà Nội,CUST240,Female,23,Beauty,1,300,300,81,194.37,No,No
241,2023-09-21,19:07,Cần Thơ,CUST241,Female,23,Electronics,3,25,75,79,18.97,No,No
242,2023-05-02,18:59,Hải Phòng,CUST242,Male,21,Clothing,1,25,25,276,15.17,No,No
243,2023-05-23,18:23,Cần Thơ,CUST243,Female,47,Electronics,3,300,900,58,214.97,No,No
244,2023-12-09,19:56,TP.HCM,CUST244,Male,28,Beauty,2,50,100,153,39.95,No,No
245,2023-09-06,18:53,Hà Nội,CUST245,Male,47,Clothing,3,30,90,169,23.13,No,No
246,2023-04-20,17:51,Cần Thơ,CUST246,Female,48,Electronics,2,25,50,84,17.61,Yes,No
247,2023-10-04,10:19,TP.HCM,CUST247,Male,41,Electronics,2,30,60,89,18.38,No,No
248,2023-03-09,08:15,Hải Phòng,CUST248,Male,26,Clothing,3,300,900,226,229.88,No,No
249,2023-10-20,21:03,Hải Phòng,CUST249,Male,20,Clothing,1,50,50,212,35.99,No,No
250,2023-10-23,16:15,Đà Nẵng,CUST250,Male,48,Electronics,1,50,50,30,31.15,No,No
251,2023-08-31,18:56,Hà Nội,CUST251,Female,57,Beauty,4,50,200,60,30.94,No,No
252,2023-05-05,14:36,TP.HCM,CUST252,Male,54,Electronics,1,300,300,75,234.58,Yes,No
253,2023-08-31,09:05,Đà Nẵng,CUST253,Female,53,Clothing,4,500,2000,288,366.92,No,No
254,2023-07-28,10:05,Hà Nội,CUST254,Male,41,Electronics,1,500,500,61,382.93,Yes,No
255,2023-04-08,17:46,Hà Nội,CUST255,Male,48,Clothing,1,30,30,254,23.27,No,No
256,2023-02-18,13:31,TP.HCM,CUST256,Male,23,Clothing,2,500,1000,164,357.18,Yes,No
257,2023-02-19,10:52,Cần Thơ,CUST257,Male,19,Beauty,4,500,2000,56,351.74,No,No
258,2023-12-04,14:04,TP.HCM,CUST258,Female,37,Clothing,1,50,50,123,34.3,Yes,No
259,2023-08-09,09:48,TP.HCM,CUST259,Female,45,Clothing,4,50,200,158,33.17,No,No
260,2023-07-01,16:34,Hà Nội,CUST260,Male,28,Beauty,2,30,60,197,20.61,No,No
261,2023-08-05,11:49,TP.HCM,CUST261,Male,21,Clothing,2,25,50,250,18.87,Yes,No
262,2023-07-30,18:08,Hải Phòng,CUST262,Female,32,Beauty,4,30,120,55,21.61,No,No
263,2023-08-28,11:08,Hà Nội,CUST263,Male,23,Beauty,2,30,60,118,23.36,No,No
264,2023-01-28,13:42,TP.HCM,CUST264,Male,47,Clothing,3,300,900,247,206.6,Yes,No
265,2023-12-11,08:30,Đà Nẵng,CUST265,Male,55,Clothing,3,300,900,110,216.43,No,No
266,2023-12-01,09:35,TP.HCM,CUST266,Female,19,Electronics,2,30,60,42,21.79,Yes,No
267,2023-11-27,12:10,TP.HCM,CUST267,Female,32,Beauty,3,30,90,170,21.55,No,No
268,2023-02-20,14:16,TP.HCM,CUST268,Female,28,Electronics,1,30,30,86,22.22,No,No
269,2023-02-01,16:33,TP.HCM,CUST269,Male,25,Clothing,4,500,2000,266,323.74,No,No
270,2023-07-26,11:55,Hà Nội,CUST270,Male,43,Electronics,1,300,300,76,210.74,No,No
271,2023-06-23,17:38,Đà Nẵng,CUST271,Female,62,Beauty,4,30,120,121,18.63,Yes,No
272,2023-02-25,19:27,Đà Nẵng,CUST272,Female,61,Electronics,2,50,100,43,33.85,Yes,No
273,2023-05-08,18:13,Đà Nẵng,CUST273,Female,22,Beauty,1,50,50,199,34.88,No,No
274,2023-04-09,08:59,Cần Thơ,CUST274,Female,23,Clothing,2,500,1000,211,365.22,No,No
275,2023-04-08,14:34,TP.HCM,CUST275,Male,43,Clothing,2,500,1000,262,395.05,No,No
276,2023-10-02,09:48,TP.HCM,CUST276,Female,21,Beauty,4,25,100,175,18.0,No,No
277,2023-08-18,11:46,Đà Nẵng,CUST277,Male,36,Clothing,4,25,100,123,18.72,No,No
278,2023-03-13,22:44,TP.HCM,CUST278,Female,37,Clothing,4,25,100,220,17.53,No,No
279,2023-08-05,10:12,TP.HCM,CUST279,Male,50,Clothing,1,500,500,189,363.41,No,No
280,2023-04-04,14:45,Đà Nẵng,CUST280,Female,37,Clothing,3,500,1500,204,307.09,No,No
281,2023-05-23,16:19,Đà Nẵng,CUST281,Female,29,Beauty,4,500,2000,135,325.44,No,No
282,2023-08-25,17:25,Hà Nội,CUST282,Female,64,Electronics,4,50,200,61,33.62,Yes,No
283,2023-05-08,15:42,TP.HCM,CUST283,Female,18,Electronics,1,500,500,33,347.25,No,No
284,2023-02-08,08:41,Hà Nội,CUST284,Male,43,Clothing,4,50,200,141,30.46,No,No
285,2023-08-15,12:23,TP.HCM,CUST285,Female,31,Electronics,1,25,25,62,15.7,No,No
286,2023-10-09,15:28,Hà Nội,CUST286,Male,55,Electronics,2,25,50,72,16.38,Yes,No
287,2023-02-20,09:57,TP.HCM,CUST287,Male,54,Clothing,4,25,100,277,19.86,No,No
288,2023-01-26,12:33,TP.HCM,CUST288,Male,28,Clothing,4,30,120,226,19.99,No,No
289,2023-11-30,08:28,Hà Nội,CUST289,Male,53,Electronics,2,30,60,56,20.89,No,No
290,2023-10-04,09:07,TP.HCM,CUST290,Female,30,Beauty,2,300,600,152,191.77,Yes,No
291,2023-01-08,12:15,Hà Nội,CUST291,Male,60,Clothing,2,300,600,294,216.65,Yes,No
292,2023-02-17,10:14,Hà Nội,CUST292,Male,20,Beauty,4,300,1200,190,196.84,No,No
293,2023-05-02,16:04,Đà Nẵng,CUST293,Male,50,Electronics,3,30,90,24,19.24,No,No
294,2023-03-27,17:21,TP.HCM,CUST294,Female,23,Clothing,3,30,90,216,21.1,No,No
295,2023-07-28,18:01,Hà Nội,CUST295,Female,27,Beauty,3,300,900,72,180.33,No,No
296,2023-09-06,10:37,TP.HCM,CUST296,Female,22,Clothing,4,300,1200,180,180.46,Yes,No
297,2023-09-04,10:35,Đà Nẵng,CUST297,Female,40,Electronics,2,500,1000,52,321.91,No,No
298,2023-04-20,09:14,Hà Nội,CUST298,Male,27,Beauty,4,300,1200,132,182.2,Yes,No
299,2023-07-25,17:37,TP.HCM,CUST299,Male,61,Electronics,2,500,1000,34,310.8,No,No
300,2023-01-31,17:14,Hà Nội,CUST300,Female,19,Electronics,4,50,200,71,33.39,No,No
301,2023-03-26,08:00,Hà Nội,CUST301,Male,30,Clothing,4,30,120,231,22.82,No,No
302,2023-07-14,21:04,TP.HCM,CUST302,Male,57,Beauty,2,300,600,50,214.32,No,No
303,2023-01-02,09:45,TP.HCM,CUST303,Male,19,Electronics,3,30,90,89,21.08,No,No
304,2023-07-19,15:40,TP.HCM,CUST304,Female,37,Electronics,2,30,60,79,19.76,No,No
305,2023-05-16,17:03,TP.HCM,CUST305,Female,18,Beauty,1,30,30,155,23.59,Yes,No
306,2023-08-21,19:14,Hải Phòng,CUST306,Male,54,Electronics,1,50,50,26,33.97,No,No
307,2023-05-27,17:04,TP.HCM,CUST307,Female,26,Electronics,2,25,50,44,15.44,No,No
308,2023-08-05,18:57,Hà Nội,CUST308,Female,34,Beauty,4,300,1200,182,217.02,Yes,No
309,2023-12-23,12:02,Đà Nẵng,CUST309,Female,26,Beauty,1,25,25,142,15.57,No,No
310,2023-10-12,18:55,Hà Nội,CUST310,Female,28,Beauty,1,25,25,177,16.73,No,No
311,2023-12-05,09:21,TP.HCM,CUST311,Female,32,Beauty,4,25,100,163,17.54,No,No
312,2023-09-07,20:04,Hà Nội,CUST312,Male,41,Clothing,4,30,120,294,23.25,No,No
313,2023-03-21,15:32,Hà Nội,CUST313,Female,55,Beauty,3,500,1500,63,349.35,No,No
314,2023-04-08,18:15,Hải Phòng,CUST314,Male,52,Clothing,4,30,120,152,22.21,Yes,No
315,2023-06-01,13:17,Đà Nẵng,CUST315,Male,47,Clothing,2,30,60,168,23.96,Yes,No
316,2023-04-22,17:42,TP.HCM,CUST316,Female,48,Clothing,2,25,50,240,15.66,No,No
317,2023-01-30,15:31,TP.HCM,CUST317,Male,22,Electronics,3,30,90,36,19.65,No,No
318,2023-10-24,18:13,Hà Nội,CUST318,Male,61,Clothing,1,25,25,173,16.97,Yes,No
319,2023-10-05,09:34,Hà Nội,CUST319,Male,31,Clothing,1,500,500,212,342.18,No,No
320,2023-02-01,09:08,Hà Nội,CUST320,Female,28,Electronics,4,300,1200,82,204.66,No,No
321,2023-06-10,11:46,TP.HCM,CUST321,Female,26,Electronics,2,25,50,35,19.54,No,No
322,2023-01-30,10:59,TP.HCM,CUST322,Male,51,Electronics,1,500,500,23,371.4,Yes,No
323,2023-01-26,19:56,TP.HCM,CUST323,Female,29,Beauty,3,300,900,111,216.47,No,No
324,2023-10-27,10:36,Hà Nội,CUST324,Female,52,Electronics,3,50,150,40,33.09,No,No
325,2023-09-02,22:36,Hải Phòng,CUST325,Female,52,Electronics,2,25,50,59,19.12,No,Yes
326,2023-09-15,12:30,TP.HCM,CUST326,Female,18,Clothing,3,25,75,241,19.78,No,No
327,2023-09-29,10:15,TP.HCM,CUST327,Male,57,Electronics,3,50,150,21,38.21,No,No
328,2023-03-22,18:50,TP.HCM,CUST328,Male,39,Beauty,2,50,100,191,30.02,No,No
329,2023-01-30,17:30,TP.HCM,CUST329,Female,46,Electronics,4,25,100,72,18.18,Yes,No
330,2023-09-18,14:51,Hà Nội,CUST330,Female,25,Beauty,4,50,200,73,30.51,No,No
331,2023-02-11,15:26,TP.HCM,CUST331,Male,28,Electronics,3,30,90,48,19.55,No,No
332,2023-04-06,17:12,Đà Nẵng,CUST332,Male,58,Electronics,4,300,1200,34,183.57,No,No
333,2023-02-05,11:06,Hà Nội,CUST333,Female,54,Electronics,4,300,1200,79,216.23,Yes,No
334,2023-11-01,22:06,Hà Nội,CUST334,Male,31,Electronics,3,300,900,35,221.2,Yes,No
335,2023-02-04,22:42,Hà Nội,CUST335,Female,47,Beauty,4,30,120,89,18.69,No,No
336,2023-12-12,17:27,Hà Nội,CUST336,Female,52,Beauty,3,50,150,177,33.84,No,No
337,2023-05-01,10:22,Đà Nẵng,CUST337,Male,38,Clothing,1,500,500,283,345.62,No,Yes
338,2023-07-26,17:27,TP.HCM,CUST338,Male,54,Beauty,2,50,100,124,33.69,No,No
339,2023-03-03,09:26,TP.HCM,CUST339,Female,22,Electronics,2,25,50,85,15.61,No,No
340,2023-10-19,08:29,Hà Nội,CUST340,Female,36,Clothing,4,300,1200,280,205.14,No,No
341,2023-05-07,11:55,TP.HCM,CUST341,Male,31,Clothing,4,50,200,169,37.51,No,No
342,2023-10-24,14:46,TP.HCM,CUST342,Female,43,Clothing,4,500,2000,206,307.1,No,No
343,2023-11-01,19:03,Hà Nội,CUST343,Male,21,Electronics,2,25,50,81,15.4,No,No
344,2023-01-21,18:43,TP.HCM,CUST344,Female,42,Beauty,1,30,30,170,20.13,Yes,Yes
345,2023-11-14,18:41,TP.HCM,CUST345,Male,62,Electronics,1,30,30,51,23.65,No,No
346,2023-02-11,13:41,TP.HCM,CUST346,Male,59,Clothing,2,500,1000,216,366.86,No,No
347,2023-08-03,12:06,TP.HCM,CUST347,Male,42,Electronics,1,25,25,90,18.39,Yes,No
348,2023-12-03,12:03,Hà Nội,CUST348,Female,35,Electronics,2,300,600,38,201.72,Yes,No
349,2023-10-26,22:25,TP.HCM,CUST349,Female,57,Beauty,1,50,50,148,35.94,No,No
350,2023-10-17,08:46,TP.HCM,CUST350,Male,25,Beauty,3,25,75,98,15.05,Yes,No
351,2023-09-25,19:21,TP.HCM,CUST351,Female,56,Clothing,3,30,90,253,21.82,Yes,No
352,2023-06-11,16:51,Đà Nẵng,CUST352,Male,57,Electronics,2,500,1000,85,391.33,No,No
353,2023-05-14,13:55,TP.HCM,CUST353,Male,31,Electronics,1,500,500,37,361.26,No,No
354,2023-04-15,18:06,Hà Nội,CUST354,Female,49,Beauty,4,50,200,67,38.74,No,No
355,2023-12-09,14:15,Hà Nội,CUST355,Female,55,Electronics,1,500,500,55,372.4,Yes,No
356,2023-06-10,19:12,TP.HCM,CUST356,Male,50,Electronics,3,500,1500,73,312.06,Yes,No
357,2023-05-03,20:12,Hà Nội,CUST357,Female,40,Electronics,3,25,75,63,19.51,No,No
358,2023-05-16,13:34,TP.HCM,CUST358,Female,32,Beauty,1,300,300,179,183.99,No,No
359,2023-07-22,11:28,Cần Thơ,CUST359,Male,50,Clothing,1,50,50,168,35.34,No,No
360,2023-03-09,16:08,TP.HCM,CUST360,Male,42,Clothing,4,25,100,100,15.71,No,No
361,2023-12-10,20:27,TP.HCM,CUST361,Female,34,Electronics,4,300,1200,56,180.7,No,No
362,2023-11-27,10:11,TP.HCM,CUST362,Male,50,Clothing,1,25,25,285,17.11,Yes,No
363,2023-06-03,17:17,TP.HCM,CUST363,Male,64,Beauty,1,25,25,126,16.48,No,No
364,2023-08-23,17:29,TP.HCM,CUST364,Female,19,Beauty,1,500,500,200,348.6,Yes,No
365,2023-06-11,18:15,Cần Thơ,CUST365,Male,31,Clothing,1,300,300,248,214.63,No,No
366,2023-02-07,10:55,TP.HCM,CUST366,Male,57,Clothing,2,50,100,268,30.44,No,No
367,2023-01-05,17:59,Hải Phòng,CUST367,Female,57,Electronics,1,50,50,82,31.23,No,No
368,2023-08-23,20:04,Cần Thơ,CUST368,Female,56,Clothing,4,300,1200,138,213.52,Yes,No
369,2023-11-15,10:28,Hà Nội,CUST369,Male,23,Electronics,3,500,1500,77,334.32,Yes,No
370,2023-10-16,11:51,Hà Nội,CUST370,Male,23,Electronics,2,30,60,88,22.38,No,No
371,2023-02-21,22:55,Hà Nội,CUST371,Female,20,Beauty,1,25,25,173,18.26,Yes,No
372,2023-02-07,10:54,Hà Nội,CUST372,Female,24,Beauty,3,500,1500,138,384.56,No,No
373,2023-10-03,19:35,Hà Nội,CUST373,Female,25,Beauty,2,300,600,135,221.55,Yes,No
374,2023-04-20,14:06,TP.HCM,CUST374,Female,59,Beauty,3,25,75,191,17.15,No,No
375,2023-09-17,11:03,Hà Nội,CUST375,Male,32,Clothing,1,50,50,295,36.73,No,No
376,2023-05-16,19:41,Hà Nội,CUST376,Female,64,Beauty,1,30,30,189,19.65,No,No
377,2023-03-09,13:34,Đà Nẵng,CUST377,Female,46,Clothing,4,50,200,196,33.06,No,No
378,2023-06-28,15:53,Hà Nội,CUST378,Male,50,Beauty,1,300,300,166,227.34,Yes,No
379,2023-02-05,12:00,Đà Nẵng,CUST379,Female,47,Clothing,1,25,25,182,17.23,Yes,No
380,2023-05-06,16:05,Hà Nội,CUST380,Male,56,Electronics,2,300,600,44,227.9,No,No
381,2023-07-09,10:59,Hà Nội,CUST381,Female,44,Clothing,4,25,100,278,19.11,No,No
382,2023-05-26,12:48,TP.HCM,CUST382,Female,53,Clothing,2,500,1000,161,385.76,No,No
383,2023-03-22,21:54,TP.HCM,CUST383,Female,46,Beauty,3,30,90,196,23.5,Yes,No
384,2023-08-13,11:15,Đà Nẵng,CUST384,Male,55,Clothing,1,500,500,198,343.1,Yes,No
385,2023-10-06,17:10,TP.HCM,CUST385,Male,50,Electronics,3,500,1500,49,331.89,Yes,No
386,2023-12-27,12:26,Đà Nẵng,CUST386,Female,54,Electronics,2,300,600,72,214.93,No,No
387,2023-06-04,18:31,Hà Nội,CUST387,Male,44,Beauty,1,30,30,61,20.23,Yes,No
388,2023-11-10,10:30,Hà Nội,CUST388,Male,50,Electronics,1,25,25,60,18.01,No,No
389,2023-12-01,21:13,Đà Nẵng,CUST389,Male,21,Clothing,2,25,50,290,18.53,Yes,No
390,2023-09-28,13:55,Đà Nẵng,CUST390,Male,39,Electronics,2,50,100,80,36.88,No,No
391,2023-01-05,11:25,Hải Phòng,CUST391,Male,19,Beauty,2,25,50,147,16.87,No,No
392,2023-12-08,09:57,TP.HCM,CUST392,Male,27,Clothing,2,300,600,198,190.01,No,No
393,2023-10-11,10:03,TP.HCM,CUST393,Female,22,Beauty,2,500,1000,88,343.05,No,No
394,2023-06-03,15:10,Đà Nẵng,CUST394,Female,27,Clothing,1,500,500,226,314.26,No,No
395,2023-12-06,12:24,Hà Nội,CUST395,Male,50,Electronics,2,500,1000,24,389.01,No,No
396,2023-02-23,19:00,Cần Thơ,CUST396,Female,55,Beauty,1,30,30,82,20.08,No,No
397,2023-03-10,13:24,Đà Nẵng,CUST397,Female,30,Beauty,1,25,25,178,15.77,No,No
398,2023-05-16,11:16,TP.HCM,CUST398,Female,48,Clothing,2,300,600,251,181.53,No,No
399,2023-03-01,16:59,Đà Nẵng,CUST399,Female,64,Beauty,2,30,60,134,21.87,Yes,No
400,2023-02-24,17:50,Đà Nẵng,CUST400,Male,53,Clothing,4,50,200,125,36.37,No,No
401,2023-10-11,10:50,Hà Nội,CUST401,Female,62,Clothing,1,300,300,212,200.44,Yes,No
402,2023-03-21,10:29,Cần Thơ,CUST402,Female,41,Clothing,2,300,600,125,184.3,Yes,No
403,2023-05-20,08:18,TP.HCM,CUST403,Male,32,Clothing,2,300,600,234,204.58,No,No
404,2023-05-25,18:27,Đà Nẵng,CUST404,Male,46,Electronics,2,500,1000,78,331.12,No,No
405,2023-11-06,17:44,Hà Nội,CUST405,Female,25,Clothing,4,300,1200,103,220.63,No,No
406,2023-04-18,14:46,Đà Nẵng,CUST406,Female,22,Beauty,4,25,100,86,18.03,No,No
407,2023-06-25,19:50,TP.HCM,CUST407,Female,46,Electronics,3,300,900,72,201.88,No,No
408,2023-04-15,18:35,Hà Nội,CUST408,Female,64,Beauty,1,500,500,89,321.79,No,No
409,2023-12-18,16:42,Cần Thơ,CUST409,Female,21,Electronics,3,300,900,29,239.28,Yes,No
410,2023-11-21,19:45,Hà Nội,CUST410,Female,29,Clothing,2,50,100,220,34.54,Yes,No
411,2023-05-16,10:31,Hà Nội,CUST411,Male,62,Electronics,4,50,200,53,36.88,No,No
412,2023-09-16,09:09,Hải Phòng,CUST412,Female,19,Electronics,4,500,2000,63,314.06,Yes,No
413,2023-09-08,11:12,Hải Phòng,CUST413,Female,44,Beauty,3,25,75,151,17.43,Yes,No
414,2023-05-09,09:18,TP.HCM,CUST414,Male,48,Beauty,4,25,100,70,15.14,No,No
415,2023-01-27,15:13,TP.HCM,CUST415,Male,53,Clothing,2,30,60,184,21.03,No,No
416,2023-02-17,21:03,TP.HCM,CUST416,Male,53,Electronics,4,500,2000,88,396.4,No,No
417,2023-11-21,08:37,Hà Nội,CUST417,Male,43,Electronics,3,300,900,68,203.05,No,No
418,2023-08-05,10:47,Hà Nội,CUST418,Female,60,Electronics,2,500,1000,60,303.9,No,No
419,2023-05-22,13:34,TP.HCM,CUST419,Female,44,Clothing,3,30,90,260,18.19,Yes,No
420,2023-01-23,21:03,Đà Nẵng,CUST420,Female,22,Clothing,4,500,2000,283,338.8,Yes,Yes
421,2023-01-02,11:47,Đà Nẵng,CUST421,Female,37,Clothing,3,500,1500,294,316.0,No,No
422,2023-06-20,14:20,Đà Nẵng,CUST422,Female,28,Clothing,3,30,90,224,18.14,No,No
423,2023-03-08,08:03,Hà Nội,CUST423,Female,27,Clothing,1,25,25,238,18.78,No,No
424,2023-11-23,10:03,TP.HCM,CUST424,Male,57,Beauty,4,300,1200,59,207.51,Yes,No
425,2023-05-15,22:37,Hà Nội,CUST425,Female,55,Electronics,4,30,120,99,19.74,No,No
426,2023-03-24,21:30,TP.HCM,CUST426,Male,23,Electronics,3,50,150,28,39.0,No,No
427,2023-08-15,08:32,TP.HCM,CUST427,Male,25,Electronics,1,25,25,50,15.58,No,No
428,2023-10-10,21:58,Đà Nẵng,CUST428,Female,40,Electronics,4,50,200,100,39.56,No,No
429,2023-12-28,17:54,TP.HCM,CUST429,Male,64,Electronics,2,25,50,56,16.57,No,No
430,2023-08-07,19:33,Hà Nội,CUST430,Female,43,Electronics,3,300,900,49,233.3,No,No
431,2023-10-15,13:10,Hà Nội,CUST431,Male,63,Electronics,4,300,1200,31,216.18,No,No
432,2023-01-05,15:03,Đà Nẵng,CUST432,Female,60,Electronics,2,500,1000,75,382.67,No,No
433,2023-02-27,14:32,TP.HCM,CUST433,Male,29,Beauty,4,50,200,75,39.84,No,No
434,2023-02-08,17:05,Hà Nội,CUST434,Female,43,Electronics,2,25,50,32,16.44,No,No
435,2023-12-20,10:54,Hà Nội,CUST435,Female,30,Beauty,3,300,900,163,237.67,No,No
436,2023-03-18,08:11,TP.HCM,CUST436,Female,57,Clothing,4,30,120,142,20.34,No,No
437,2023-10-07,11:04,Hà Nội,CUST437,Female,35,Electronics,4,300,1200,58,203.13,Yes,No
438,2023-01-19,17:38,Đà Nẵng,CUST438,Female,42,Clothing,1,30,30,107,20.04,No,No
439,2023-07-09,10:04,TP.HCM,CUST439,Male,50,Clothing,3,25,75,111,17.71,No,No
440,2023-10-26,17:43,Hà Nội,CUST440,Male,64,Clothing,2,300,600,183,189.25,No,No
441,2023-10-10,21:55,Hà Nội,CUST441,Male,57,Beauty,4,300,1200,64,213.22,No,No
442,2023-03-17,09:15,Hải Phòng,CUST442,Female,60,Clothing,4,25,100,175,17.71,No,No
443,2023-08-09,17:25,TP.HCM,CUST443,Male,29,Clothing,2,300,600,191,225.71,Yes,No
444,2023-03-07,13:07,TP.HCM,CUST444,Female,61,Clothing,3,30,90,195,23.0,No,No
445,2023-01-22,19:56,Đà Nẵng,CUST445,Female,53,Electronics,1,300,300,75,206.43,No,Yes
446,2023-06-07,10:36,Cần Thơ,CUST446,Male,21,Electronics,1,50,50,38,33.02,No,No
447,2023-07-06,17:15,Hải Phòng,CUST447,Male,22,Beauty,4,500,2000,112,325.93,No,No
448,2023-01-21,19:37,Đà Nẵng,CUST448,Female,54,Beauty,2,30,60,185,19.17,No,Yes
449,2023-07-03,21:38,TP.HCM,CUST449,Male,25,Electronics,4,50,200,72,30.58,No,No
450,2023-04-18,17:02,Hà Nội,CUST450,Female,59,Beauty,2,25,50,194,16.71,Yes,No
451,2023-12-16,14:39,Đà Nẵng,CUST451,Female,45,Electronics,1,30,30,43,19.62,No,No
452,2023-05-08,16:05,TP.HCM,CUST452,Female,48,Clothing,3,500,1500,143,396.64,No,No
453,2023-12-08,19:26,TP.HCM,CUST453,Female,26,Clothing,2,500,1000,144,355.77,No,No
454,2023-02-22,16:42,Cần Thơ,CUST454,Female,46,Beauty,1,25,25,70,16.74,No,No
455,2023-07-01,08:37,Hà Nội,CUST455,Male,31,Electronics,4,25,100,98,17.9,No,No
456,2023-10-14,21:36,TP.HCM,CUST456,Male,57,Electronics,2,30,60,68,18.84,Yes,No
457,2023-07-28,17:33,Hà Nội,CUST457,Female,58,Beauty,3,300,900,111,206.64,No,No
458,2023-11-14,17:20,TP.HCM,CUST458,Female,39,Electronics,4,25,100,83,18.13,No,No
459,2023-03-21,10:59,Hà Nội,CUST459,Male,28,Clothing,4,300,1200,249,209.33,No,No
460,2023-05-02,17:16,Hà Nội,CUST460,Male,40,Beauty,1,50,50,86,34.02,No,No
461,2023-03-25,12:13,Hà Nội,CUST461,Female,18,Beauty,2,500,1000,109,399.38,Yes,No
462,2023-04-01,17:42,TP.HCM,CUST462,Male,63,Electronics,4,300,1200,79,232.82,Yes,No
463,2023-07-31,09:45,TP.HCM,CUST463,Female,54,Beauty,3,500,1500,115,362.34,No,No
464,2023-01-13,17:20,TP.HCM,CUST464,Male,38,Electronics,2,300,600,78,214.16,No,No
465,2023-04-02,22:15,Hải Phòng,CUST465,Female,43,Electronics,3,50,150,52,36.21,Yes,No
466,2023-06-20,08:16,TP.HCM,CUST466,Male,63,Electronics,4,25,100,21,16.01,No,No
467,2023-07-30,22:25,Hà Nội,CUST467,Female,53,Electronics,3,50,150,79,33.95,No,No
468,2023-12-09,13:08,Đà Nẵng,CUST468,Male,40,Electronics,1,25,25,56,15.2,No,No
469,2023-05-08,19:42,Hà Nội,CUST469,Male,18,Beauty,3,25,75,189,17.38,No,No
470,2023-05-17,18:41,Hải Phòng,CUST470,Female,57,Clothing,2,500,1000,140,354.3,Yes,No
471,2023-03-23,16:19,Hà Nội,CUST471,Male,32,Clothing,3,50,150,118,32.28,Yes,No
472,2023-12-26,18:29,Hải Phòng,CUST472,Female,38,Beauty,3,300,900,163,237.84,No,No
473,2023-02-25,19:20,Hà Nội,CUST473,Male,64,Beauty,1,50,50,138,39.09,No,No
474,2023-07-15,13:59,Đà Nẵng,CUST474,Female,26,Clothing,3,500,1500,250,372.21,No,No
475,2023-01-20,12:48,TP.HCM,CUST475,Male,26,Clothing,3,25,75,176,17.67,No,No
476,2023-08-29,17:59,Hải Phòng,CUST476,Female,27,Clothing,4,500,2000,263,387.0,No,No
477,2023-04-24,18:04,Hà Nội,CUST477,Male,43,Clothing,4,30,120,208,18.78,No,No
478,2023-04-13,18:00,TP.HCM,CUST478,Female,58,Clothing,2,30,60,276,22.74,No,No
479,2023-08-24,18:29,Hải Phòng,CUST479,Male,52,Electronics,4,300,1200,52,187.49,No,No
480,2023-06-29,13:39,TP.HCM,CUST480,Female,42,Beauty,4,500,2000,166,379.42,No,No
481,2023-06-06,18:36,TP.HCM,CUST481,Female,43,Electronics,4,300,1200,58,196.55,Yes,No
482,2023-04-27,10:06,TP.HCM,CUST482,Female,28,Clothing,4,300,1200,150,232.63,No,No
483,2023-04-25,15:04,TP.HCM,CUST483,Male,55,Clothing,1,30,30,198,23.66,Yes,No
484,2023-01-13,08:34,TP.HCM,CUST484,Female,19,Clothing,4,300,1200,223,188.93,No,No
485,2023-12-04,12:13,TP.HCM,CUST485,Male,24,Electronics,1,30,30,33,20.78,No,No
486,2023-04-09,12:32,Cần Thơ,CUST486,Female,35,Electronics,1,25,25,50,19.9,No,No
487,2023-07-24,12:16,Hà Nội,CUST487,Male,44,Clothing,4,500,2000,197,348.34,No,No
488,2023-06-18,17:08,Hà Nội,CUST488,Female,51,Electronics,3,300,900,93,231.81,Yes,No
489,2023-05-23,12:59,Hải Phòng,CUST489,Male,44,Electronics,1,30,30,65,21.53,Yes,No
490,2023-02-05,13:22,Đà Nẵng,CUST490,Male,34,Clothing,3,50,150,247,33.75,No,No
491,2023-05-23,11:56,TP.HCM,CUST491,Female,60,Electronics,3,300,900,57,197.15,Yes,No
492,2023-06-29,12:04,TP.HCM,CUST492,Male,61,Beauty,4,25,100,125,16.02,No,No
493,2023-11-25,11:56,Hà Nội,CUST493,Male,41,Beauty,2,25,50,55,18.81,No,No
494,2023-09-18,09:15,Hà Nội,CUST494,Female,42,Beauty,4,50,200,151,33.87,No,No
495,2023-07-24,16:23,TP.HCM,CUST495,Male,24,Beauty,2,30,60,120,21.07,No,No
496,2023-12-14,17:18,TP.HCM,CUST496,Male,23,Clothing,2,300,600,102,209.54,Yes,No
497,2023-10-02,16:10,TP.HCM,CUST497,Male,41,Clothing,4,30,120,244,21.46,No,No
498,2023-06-19,14:28,Hà Nội,CUST498,Female,50,Clothing,4,25,100,275,19.33,No,No
499,2023-01-15,12:53,Hải Phòng,CUST499,Male,46,Beauty,2,30,60,62,23.88,Yes,No
500,2023-03-01,19:34,Hải Phòng,CUST500,Female,60,Beauty,4,25,100,177,17.04,No,No
501,2023-05-14,15:45,TP.HCM,CUST501,Male,39,Electronics,2,30,60,56,22.97,Yes,No
502,2023-04-02,14:19,TP.HCM,CUST502,Male,43,Electronics,3,50,150,49,37.65,No,No
503,2023-10-25,08:39,Hà Nội,CUST503,Male,45,Beauty,4,500,2000,140,357.35,No,No
504,2023-05-16,12:51,Đà Nẵng,CUST504,Female,38,Beauty,3,50,150,106,39.56,Yes,No
505,2023-01-20,12:41,TP.HCM,CUST505,Male,24,Beauty,1,50,50,98,32.0,No,No
506,2023-02-25,12:33,Hà Nội,CUST506,Male,34,Beauty,3,500,1500,114,310.93,No,No
507,2023-11-02,16:00,Cần Thơ,CUST507,Female,37,Electronics,3,500,1500,37,385.4,No,No
508,2023-08-11,15:42,Đà Nẵng,CUST508,Male,58,Beauty,2,300,600,74,206.35,No,No
509,2023-06-26,16:52,Cần Thơ,CUST509,Female,37,Electronics,3,300,900,100,230.82,No,No
510,2023-06-10,18:35,TP.HCM,CUST510,Female,39,Beauty,4,50,200,60,38.93,Yes,No
511,2023-08-12,18:19,TP.HCM,CUST511,Male,45,Beauty,2,50,100,129,30.62,No,No
512,2023-11-07,17:59,TP.HCM,CUST512,Female,57,Beauty,1,25,25,162,19.42,Yes,No
513,2023-09-19,21:42,Cần Thơ,CUST513,Male,24,Electronics,4,25,100,24,17.24,No,No
514,2023-03-01,08:06,Đà Nẵng,CUST514,Female,18,Electronics,1,300,300,94,210.63,No,No
515,2023-07-17,10:56,Hà Nội,CUST515,Female,49,Clothing,3,300,900,193,217.6,No,No
516,2023-10-23,08:08,Hà Nội,CUST516,Male,30,Beauty,4,25,100,83,19.63,No,No
517,2023-04-08,17:16,TP.HCM,CUST517,Female,47,Clothing,4,25,100,123,15.1,Yes,No
518,2023-05-11,20:07,Đà Nẵng,CUST518,Female,40,Clothing,1,30,30,175,20.86,No,No
519,2023-01-23,11:56,Hải Phòng,CUST519,Female,36,Electronics,4,30,120,61,22.13,Yes,Yes
520,2023-12-29,21:06,Hà Nội,CUST520,Female,49,Electronics,4,25,100,73,18.61,Yes,No
521,2023-08-12,09:47,TP.HCM,CUST521,Female,47,Clothing,4,30,120,144,22.16,Yes,No
522,2023-01-01,21:35,TP.HCM,CUST522,Male,46,Beauty,3,500,1500,101,313.44,No,No
523,2023-09-24,12:09,Hải Phòng,CUST523,Female,62,Electronics,1,300,300,36,197.96,Yes,No
524,2023-10-03,09:17,Đà Nẵng,CUST524,Male,46,Beauty,4,300,1200,188,201.52,Yes,No
525,2023-12-18,14:18,Đà Nẵng,CUST525,Female,47,Beauty,2,25,50,143,19.02,Yes,No
526,2023-12-10,11:38,TP.HCM,CUST526,Male,33,Clothing,2,50,100,235,32.79,Yes,No
527,2023-04-11,11:13,TP.HCM,CUST527,Male,57,Clothing,2,25,50,228,16.05,No,No
528,2023-07-06,11:45,Hà Nội,CUST528,Female,36,Clothing,2,30,60,169,23.74,No,No
529,2023-08-09,18:21,Hà Nội,CUST529,Female,35,Clothing,3,50,150,142,30.09,No,No
530,2023-02-05,15:13,Đà Nẵng,CUST530,Female,18,Electronics,4,30,120,52,23.99,No,No
531,2023-12-07,11:43,Đà Nẵng,CUST531,Male,31,Electronics,1,500,500,81,367.68,Yes,No
532,2023-06-19,16:40,Hải Phòng,CUST532,Female,64,Clothing,4,30,120,175,22.97,No,No
533,2023-11-16,17:54,Hải Phòng,CUST533,Male,19,Electronics,3,500,1500,63,329.46,No,No
534,2023-06-10,11:16,TP.HCM,CUST534,Male,45,Clothing,2,500,1000,129,301.43,Yes,No
535,2023-12-06,13:32,Đà Nẵng,CUST535,Male,47,Beauty,3,30,90,169,22.43,Yes,No
536,2023-03-05,10:31,Cần Thơ,CUST536,Female,55,Beauty,4,30,120,69,23.0,Yes,No
537,2023-06-03,10:16,Đà Nẵng,CUST537,Female,21,Beauty,1,500,500,86,374.05,Yes,No
538,2023-09-17,17:57,Hà Nội,CUST538,Male,18,Clothing,3,50,150,293,31.43,No,No
539,2023-06-08,10:58,TP.HCM,CUST539,Male,25,Beauty,1,500,500,107,375.34,No,No
540,2023-12-08,15:54,Hà Nội,CUST540,Female,46,Electronics,3,300,900,70,226.14,Yes,No
541,2023-07-29,17:03,Hải Phòng,CUST541,Male,56,Beauty,1,500,500,192,365.85,Yes,No
542,2023-06-17,09:05,TP.HCM,CUST542,Female,20,Beauty,1,50,50,143,37.66,No,No
543,2023-07-26,16:40,Hà Nội,CUST543,Male,49,Beauty,2,300,600,73,230.76,Yes,No
544,2023-12-23,11:27,TP.HCM,CUST544,Female,27,Electronics,1,25,25,70,18.07,No,No
545,2023-06-01,21:53,TP.HCM,CUST545,Male,27,Clothing,2,25,50,103,15.44,No,No
546,2023-10-11,14:17,TP.HCM,CUST546,Female,36,Electronics,4,50,200,53,34.88,Yes,No
547,2023-03-07,18:02,Hà Nội,CUST547,Male,63,Clothing,4,500,2000,237,307.76,Yes,No
548,2023-04-09,15:00,TP.HCM,CUST548,Female,51,Clothing,2,30,60,131,20.45,No,No
549,2023-08-04,08:21,TP.HCM,CUST549,Female,50,Beauty,2,50,100,166,34.07,No,No
550,2023-12-07,17:49,Đà Nẵng,CUST550,Male,40,Clothing,3,300,900,194,183.96,No,No
551,2023-07-14,21:08,TP.HCM,CUST551,Male,45,Electronics,3,300,900,53,200.93,No,No
552,2023-12-13,16:40,Đà Nẵng,CUST552,Female,49,Electronics,3,25,75,94,15.55,Yes,No
553,2023-03-31,18:16,TP.HCM,CUST553,Male,24,Clothing,4,300,1200,197,228.49,No,No
554,2023-11-12,20:10,TP.HCM,CUST554,Female,46,Beauty,3,50,150,145,39.48,No,No
555,2023-10-19,11:47,Đà Nẵng,CUST555,Male,25,Beauty,1,300,300,77,184.34,Yes,No
556,2023-06-04,10:28,TP.HCM,CUST556,Female,18,Electronics,1,50,50,49,39.55,No,No
557,2023-07-27,16:35,Hà Nội,CUST557,Female,20,Beauty,3,30,90,170,21.14,Yes,No
558,2023-10-08,13:45,Hà Nội,CUST558,Female,41,Clothing,1,25,25,106,16.5,No,No
559,2023-01-01,19:27,Đà Nẵng,CUST559,Female,40,Clothing,4,300,1200,258,184.61,Yes,No
560,2023-06-05,20:35,TP.HCM,CUST560,Female,25,Electronics,1,50,50,91,35.01,No,No
561,2023-05-27,12:00,TP.HCM,CUST561,Female,64,Clothing,4,500,2000,183,379.45,No,No
562,2023-04-18,11:07,Hà Nội,CUST562,Male,54,Electronics,2,25,50,98,18.54,No,No
563,2023-08-09,18:04,Hà Nội,CUST563,Male,20,Clothing,2,30,60,156,18.3,Yes,No
564,2023-10-24,11:56,Hà Nội,CUST564,Male,50,Electronics,2,50,100,28,30.73,No,No
565,2023-11-07,19:44,TP.HCM,CUST565,Female,45,Beauty,2,30,60,168,20.42,No,No
566,2023-12-02,13:57,TP.HCM,CUST566,Female,64,Clothing,1,30,30,279,19.77,No,No
567,2023-06-14,17:09,TP.HCM,CUST567,Female,25,Clothing,3,300,900,177,193.94,No,No
568,2023-08-27,09:34,TP.HCM,CUST568,Female,51,Electronics,1,300,300,72,196.86,No,No
569,2023-08-15,17:02,Cần Thơ,CUST569,Male,52,Electronics,4,50,200,34,38.03,No,No
570,2023-08-15,13:53,Hà Nội,CUST570,Male,49,Clothing,1,500,500,135,392.92,No,No
571,2023-12-12,16:23,TP.HCM,CUST571,Female,41,Electronics,1,50,50,25,34.05,No,No
572,2023-04-20,10:37,Đà Nẵng,CUST572,Male,31,Clothing,4,500,2000,109,390.61,No,No
573,2023-09-19,18:35,TP.HCM,CUST573,Male,49,Beauty,2,30,60,127,19.93,No,No
574,2023-08-31,19:09,TP.HCM,CUST574,Female,63,Electronics,2,25,50,83,17.38,No,No
575,2023-03-28,10:27,Đà Nẵng,CUST575,Male,60,Clothing,2,50,100,129,32.26,No,No
576,2023-12-04,09:08,Cần Thơ,CUST576,Female,33,Beauty,3,50,150,74,36.4,No,No
577,2023-02-13,08:02,Hà Nội,CUST577,Male,21,Beauty,4,500,2000,110,397.9,Yes,No
578,2023-05-26,17:19,Cần Thơ,CUST578,Female,54,Clothing,4,30,120,237,21.62,No,No
579,2023-09-21,16:23,TP.HCM,CUST579,Female,38,Electronics,1,30,30,37,20.15,No,No
580,2023-12-06,15:57,Hà Nội,CUST580,Female,31,Clothing,3,500,1500,199,364.78,No,No
581,2023-11-21,11:59,TP.HCM,CUST581,Female,48,Beauty,2,30,60,166,18.74,No,No
582,2023-11-14,12:50,Hải Phòng,CUST582,Male,35,Clothing,3,300,900,194,233.32,No,No
583,2023-06-21,16:55,TP.HCM,CUST583,Female,24,Electronics,4,25,100,89,17.52,No,No
584,2023-02-17,14:02,Hà Nội,CUST584,Female,27,Beauty,4,50,200,157,34.49,No,No
585,2023-05-01,22:57,TP.HCM,CUST585,Female,24,Clothing,1,25,25,250,17.93,No,Yes
586,2023-12-11,10:22,Hà Nội,CUST586,Male,50,Electronics,1,50,50,39,36.25,No,No
587,2023-06-08,17:13,Hà Nội,CUST587,Female,40,Beauty,4,300,1200,156,184.31,No,No
588,2023-04-26,13:43,Hà Nội,CUST588,Male,38,Electronics,2,30,60,32,22.1,No,No
589,2023-04-12,13:15,Hà Nội,CUST589,Female,36,Beauty,2,500,1000,175,324.19,Yes,No
590,2023-03-17,17:42,Hà Nội,CUST590,Male,36,Clothing,3,300,900,257,222.84,Yes,No
591,2023-01-13,17:06,Hà Nội,CUST591,Male,53,Electronics,4,25,100,72,19.11,No,No
592,2023-01-24,22:22,TP.HCM,CUST592,Female,46,Beauty,4,500,2000,121,380.4,Yes,Yes
593,2023-05-06,10:49,Hà Nội,CUST593,Male,35,Electronics,2,30,60,24,21.32,No,No
594,2023-09-01,09:35,Hà Nội,CUST594,Female,19,Electronics,2,300,600,67,211.21,No,No
595,2023-11-09,18:56,Đà Nẵng,CUST595,Female,18,Clothing,4,500,2000,155,314.29,No,No
596,2023-02-07,16:55,TP.HCM,CUST596,Female,64,Electronics,1,300,300,76,226.52,No,No
597,2023-08-22,11:26,TP.HCM,CUST597,Male,22,Beauty,4,300,1200,163,196.28,Yes,No
598,2023-08-01,09:39,Hà Nội,CUST598,Male,37,Beauty,4,30,120,110,20.98,No,No
599,2023-11-19,09:47,Hà Nội,CUST599,Female,28,Beauty,2,50,100,142,32.84,No,No
600,2023-10-22,20:09,Hà Nội,CUST600,Female,59,Beauty,2,500,1000,75,313.38,No,No
601,2023-04-10,10:59,Hà Nội,CUST601,Male,19,Clothing,1,30,30,275,21.78,Yes,No
602,2023-12-23,12:59,Hà Nội,CUST602,Female,20,Electronics,1,300,300,67,183.26,No,No
603,2023-07-16,11:15,Hà Nội,CUST603,Female,40,Clothing,3,30,90,239,22.49,Yes,No
604,2023-09-11,12:55,Hà Nội,CUST604,Female,29,Electronics,4,50,200,65,33.18,Yes,No
605,2023-07-24,09:10,Hà Nội,CUST605,Male,37,Electronics,2,500,1000,27,300.01,Yes,No
606,2023-05-05,15:51,TP.HCM,CUST606,Male,22,Electronics,1,50,50,70,35.11,Yes,No
607,2023-03-17,09:51,Hà Nội,CUST607,Male,54,Clothing,3,25,75,170,15.23,No,No
608,2023-12-02,18:11,TP.HCM,CUST608,Female,55,Electronics,3,500,1500,44,327.62,Yes,No
609,2023-12-19,11:56,TP.HCM,CUST609,Female,47,Clothing,2,50,100,131,37.07,No,No
610,2023-01-03,15:26,TP.HCM,CUST610,Female,26,Beauty,2,300,600,166,183.76,No,No
611,2023-02-24,20:01,Hà Nội,CUST611,Male,51,Beauty,3,500,1500,73,383.93,No,No
612,2023-08-06,17:11,Đà Nẵng,CUST612,Female,61,Electronics,1,500,500,47,300.38,Yes,No
613,2023-04-23,15:47,TP.HCM,CUST613,Female,52,Clothing,3,30,90,264,19.48,No,No
614,2023-04-01,12:59,Hà Nội,CUST614,Female,39,Beauty,4,300,1200,55,224.45,No,No
615,2023-12-23,12:21,Đà Nẵng,CUST615,Female,61,Clothing,4,25,100,112,16.58,No,No
616,2023-09-23,17:50,Cần Thơ,CUST616,Male,41,Clothing,2,50,100,185,31.02,Yes,No
617,2023-08-26,22:59,Hà Nội,CUST617,Male,34,Electronics,1,30,30,51,20.16,No,No
618,2023-01-26,17:26,Hà Nội,CUST618,Female,27,Beauty,1,50,50,82,32.7,No,No
619,2023-10-13,15:51,Đà Nẵng,CUST619,Male,47,Electronics,4,25,100,92,19.21,No,No
620,2023-05-08,18:42,TP.HCM,CUST620,Male,63,Electronics,3,25,75,46,16.57,Yes,No
621,2023-03-04,14:55,Hà Nội,CUST621,Female,40,Beauty,2,500,1000,67,378.89,No,No
622,2023-08-22,09:47,Hà Nội,CUST622,Female,49,Beauty,3,25,75,191,19.46,Yes,No
623,2023-03-10,16:51,TP.HCM,CUST623,Male,34,Clothing,3,50,150,153,34.34,Yes,No
624,2023-08-26,21:15,TP.HCM,CUST624,Female,34,Beauty,3,300,900,200,234.6,No,No
625,2023-12-08,10:17,TP.HCM,CUST625,Male,31,Clothing,1,300,300,155,202.64,Yes,No
626,2023-09-29,17:10,TP.HCM,CUST626,Female,26,Clothing,4,500,2000,159,396.41,Yes,No
627,2023-10-14,10:50,TP.HCM,CUST627,Male,57,Clothing,1,50,50,184,30.89,Yes,No
628,2023-11-01,15:44,TP.HCM,CUST628,Female,19,Beauty,4,50,200,87,36.87,No,No
629,2023-06-12,09:06,Hà Nội,CUST629,Male,62,Electronics,2,25,50,96,17.47,No,No
630,2023-08-15,13:24,Hà Nội,CUST630,Male,42,Clothing,2,50,100,100,33.88,No,No
631,2023-11-10,18:55,TP.HCM,CUST631,Male,56,Electronics,3,30,90,55,21.8,No,No
632,2023-09-16,12:02,Đà Nẵng,CUST632,Female,26,Electronics,4,25,100,38,18.52,Yes,No
633,2023-08-07,17:54,TP.HCM,CUST633,Male,39,Beauty,4,30,120,83,18.03,No,No
634,2023-10-08,18:30,TP.HCM,CUST634,Male,60,Electronics,4,500,2000,89,316.7,No,No
635,2023-08-17,21:14,Hà Nội,CUST635,Female,63,Electronics,3,300,900,52,222.78,Yes,No
636,2023-03-23,11:12,TP.HCM,CUST636,Female,21,Beauty,3,500,1500,94,366.64,No,No
637,2023-09-01,12:52,TP.HCM,CUST637,Male,43,Clothing,2,300,600,128,237.96,No,No
638,2023-08-19,10:58,Hà Nội,CUST638,Male,46,Electronics,1,500,500,23,376.1,Yes,No
639,2023-05-13,22:29,Hà Nội,CUST639,Female,62,Beauty,4,50,200,83,39.51,Yes,No
640,2023-05-07,21:22,TP.HCM,CUST640,Female,51,Electronics,4,30,120,21,22.22,Yes,No
641,2023-11-23,15:19,Hà Nội,CUST641,Female,40,Electronics,1,300,300,65,197.88,Yes,No
642,2023-05-22,19:52,Hà Nội,CUST642,Female,54,Clothing,4,25,100,160,15.53,No,No
643,2023-09-24,15:50,Hà Nội,CUST643,Female,28,Electronics,3,30,90,95,22.69,No,No
644,2023-09-06,17:55,Hà Nội,CUST644,Male,23,Beauty,3,25,75,132,18.22,No,No
645,2023-11-17,09:14,Hà Nội,CUST645,Female,35,Electronics,4,30,120,22,18.29,No,No
646,2023-05-03,18:14,Đà Nẵng,CUST646,Male,38,Clothing,3,30,90,144,20.16,Yes,No
647,2023-05-21,10:01,TP.HCM,CUST647,Male,59,Clothing,3,500,1500,167,395.68,No,No
648,2023-08-14,19:42,TP.HCM,CUST648,Male,53,Beauty,4,300,1200,63,210.02,No,No
649,2023-02-09,18:12,Đà Nẵng,CUST649,Female,58,Clothing,2,300,600,132,205.96,No,No
650,2024-01-01,17:25,TP.HCM,CUST650,Male,55,Electronics,1,30,30,73,20.75,No,No
651,2023-05-27,08:21,Hà Nội,CUST651,Male,51,Clothing,3,50,150,234,32.09,No,No
652,2023-05-01,11:17,TP.HCM,CUST652,Female,34,Beauty,2,50,100,79,33.69,No,Yes
653,2023-05-20,11:55,TP.HCM,CUST653,Male,54,Clothing,3,25,75,290,16.85,No,No
654,2023-06-21,12:04,TP.HCM,CUST654,Male,42,Clothing,3,25,75,116,15.26,Yes,No
655,2023-06-13,09:49,TP.HCM,CUST655,Female,55,Clothing,1,500,500,221,376.76,Yes,No
656,2023-10-04,21:17,Hà Nội,CUST656,Male,29,Beauty,3,30,90,164,20.5,Yes,No
657,2023-02-11,15:22,Hà Nội,CUST657,Male,40,Clothing,1,25,25,299,19.11,No,No
658,2023-03-12,11:41,TP.HCM,CUST658,Male,59,Clothing,1,25,25,192,19.25,No,No
659,2023-03-19,12:32,TP.HCM,CUST659,Female,39,Electronics,1,30,30,85,19.27,No,No
660,2023-04-29,13:25,TP.HCM,CUST660,Female,38,Beauty,2,500,1000,77,365.74,No,No
661,2023-07-16,16:43,TP.HCM,CUST661,Female,44,Clothing,4,25,100,215,17.36,No,No
662,2023-12-22,15:53,Hải Phòng,CUST662,Male,48,Beauty,2,500,1000,178,388.02,No,No
663,2023-03-20,20:34,TP.HCM,CUST663,Male,23,Clothing,4,300,1200,156,192.94,Yes,No
664,2023-12-28,14:21,Hà Nội,CUST664,Female,44,Clothing,4,500,2000,257,367.78,Yes,No
665,2023-04-20,22:01,Hà Nội,CUST665,Male,57,Clothing,1,50,50,111,36.08,No,No
666,2023-02-02,19:07,Hà Nội,CUST666,Male,51,Electronics,3,50,150,86,32.95,No,No
667,2023-08-01,10:56,Hà Nội,CUST667,Female,29,Electronics,1,500,500,58,313.66,No,No
668,2023-07-28,21:16,Hà Nội,CUST668,Female,62,Electronics,3,50,150,78,36.52,Yes,No
669,2023-06-19,09:11,Hà Nội,CUST669,Male,24,Beauty,4,300,1200,57,224.32,Yes,No
670,2023-10-05,18:37,Hà Nội,CUST670,Male,27,Beauty,1,30,30,65,19.89,No,No
671,2023-08-27,12:16,Hà Nội,CUST671,Male,62,Electronics,3,50,150,81,36.45,Yes,No
672,2023-08-01,19:02,Đà Nẵng,CUST672,Female,34,Beauty,2,50,100,152,33.95,Yes,No
673,2023-02-01,19:06,Hà Nội,CUST673,Female,43,Clothing,3,500,1500,209,371.32,No,No
674,2023-04-16,18:38,TP.HCM,CUST674,Female,38,Clothing,1,300,300,275,191.95,Yes,No
675,2023-08-04,18:27,TP.HCM,CUST675,Female,45,Clothing,2,30,60,127,23.34,No,No
676,2023-07-19,11:22,Hải Phòng,CUST676,Male,63,Electronics,3,500,1500,82,328.74,Yes,No
677,2023-10-27,09:46,Hà Nội,CUST677,Female,19,Beauty,3,500,1500,163,336.78,Yes,No
678,2023-12-23,13:50,TP.HCM,CUST678,Female,60,Electronics,3,300,900,29,183.49,No,No
679,2023-01-11,10:20,Hải Phòng,CUST679,Female,18,Beauty,3,30,90,70,18.67,No,No
680,2023-10-22,17:27,Đà Nẵng,CUST680,Female,53,Clothing,3,300,900,182,210.95,No,No
681,2023-07-14,12:38,Đà Nẵng,CUST681,Female,43,Electronics,2,30,60,97,19.61,No,No
682,2023-09-02,22:32,Hà Nội,CUST682,Male,46,Beauty,4,300,1200,87,230.13,Yes,Yes
683,2023-01-04,17:07,Hà Nội,CUST683,Male,38,Beauty,2,500,1000,66,301.47,No,No
684,2023-06-30,19:24,TP.HCM,CUST684,Female,28,Clothing,2,500,1000,132,337.91,Yes,No
685,2023-06-02,10:57,Cần Thơ,CUST685,Male,57,Electronics,2,25,50,55,16.69,No,No
686,2023-07-19,19:36,TP.HCM,CUST686,Female,28,Electronics,4,50,200,99,30.19,No,No
687,2023-08-03,21:12,TP.HCM,CUST687,Female,53,Electronics,1,300,300,94,187.46,No,No
688,2023-10-03,14:16,Hà Nội,CUST688,Male,56,Clothing,4,25,100,240,17.07,No,No
689,2023-10-07,16:02,Đà Nẵng,CUST689,Male,57,Electronics,2,50,100,61,34.93,Yes,No
690,2023-11-05,18:45,Hà Nội,CUST690,Female,52,Clothing,3,300,900,197,204.26,Yes,No
691,2023-04-23,10:27,Hà Nội,CUST691,Female,51,Clothing,3,30,90,252,21.19,No,No
692,2023-09-07,14:00,TP.HCM,CUST692,Female,64,Clothing,2,50,100,235,35.95,No,No
693,2023-04-23,12:33,TP.HCM,CUST693,Male,41,Beauty,3,500,1500,125,300.99,No,No
694,2023-05-20,10:59,Hà Nội,CUST694,Female,39,Electronics,2,25,50,78,17.32,Yes,No
695,2023-08-12,12:51,Hà Nội,CUST695,Female,22,Electronics,3,50,150,84,39.63,No,No
696,2023-09-06,09:34,TP.HCM,CUST696,Female,50,Clothing,4,50,200,254,35.19,Yes,No
697,2023-01-15,08:43,Hà Nội,CUST697,Male,53,Clothing,1,500,500,210,367.75,No,No
698,2023-07-19,10:46,TP.HCM,CUST698,Female,64,Electronics,1,300,300,32,198.71,No,No
699,2023-06-22,21:47,Hà Nội,CUST699,Female,37,Clothing,4,30,120,279,22.64,No,No
700,2023-12-09,15:47,TP.HCM,CUST700,Male,36,Electronics,4,500,2000,34,377.29,Yes,No
701,2023-12-14,21:42,TP.HCM,CUST701,Female,52,Beauty,2,30,60,191,21.13,No,No
702,2023-07-27,13:12,Hà Nội,CUST702,Female,60,Clothing,2,300,600,284,238.56,No,No
703,2023-03-26,11:23,Hà Nội,CUST703,Male,34,Electronics,2,50,100,47,31.26,No,No
704,2023-08-28,14:27,Hà Nội,CUST704,Female,62,Clothing,3,30,90,210,18.1,No,No
705,2023-03-07,13:04,Hà Nội,CUST705,Male,60,Electronics,2,25,50,77,18.85,No,No
706,2023-11-15,09:42,Hải Phòng,CUST706,Male,51,Electronics,4,25,100,49,19.04,No,No
707,2023-10-01,17:58,Hà Nội,CUST707,Female,26,Clothing,1,500,500,205,312.02,No,No
708,2023-01-14,10:21,Đà Nẵng,CUST708,Female,43,Beauty,3,300,900,136,195.93,Yes,No
709,2023-07-21,16:39,Hà Nội,CUST709,Female,19,Electronics,2,500,1000,78,301.76,Yes,No
710,2023-10-31,17:20,TP.HCM,CUST710,Female,26,Electronics,3,500,1500,71,329.33,No,No
711,2023-10-16,10:42,Đà Nẵng,CUST711,Male,26,Electronics,3,500,1500,73,377.31,Yes,No
712,2023-12-06,09:54,TP.HCM,CUST712,Female,57,Beauty,2,25,50,74,17.59,No,No
713,2023-01-14,18:07,TP.HCM,CUST713,Male,34,Beauty,3,25,75,130,16.74,No,No
714,2023-02-12,13:46,TP.HCM,CUST714,Female,18,Clothing,1,500,500,209,337.17,No,No
715,2023-11-26,09:57,Hà Nội,CUST715,Female,42,Beauty,4,25,100,130,15.01,No,No
716,2023-08-08,22:19,Cần Thơ,CUST716,Female,60,Clothing,4,300,1200,270,197.99,No,No
717,2023-03-11,09:32,Đà Nẵng,CUST717,Male,57,Clothing,1,500,500,165,364.65,No,No
718,2023-08-25,17:19,Hải Phòng,CUST718,Female,59,Beauty,3,25,75,145,19.87,Yes,No
719,2023-04-04,22:42,Hà Nội,CUST719,Female,42,Clothing,2,30,60,139,23.08,No,No
720,2023-01-26,11:26,TP.HCM,CUST720,Female,56,Beauty,3,500,1500,171,302.36,Yes,No
721,2023-05-14,10:20,Cần Thơ,CUST721,Female,52,Clothing,1,500,500,117,389.86,No,No
722,2023-07-14,10:25,Hà Nội,CUST722,Male,20,Beauty,3,300,900,73,226.99,No,No
723,2023-06-17,11:44,Hà Nội,CUST723,Female,54,Beauty,4,50,200,71,37.8,No,No
724,2023-04-19,09:18,TP.HCM,CUST724,Male,61,Clothing,3,50,150,123,34.58,Yes,No
725,2023-08-21,17:35,TP.HCM,CUST725,Male,61,Electronics,1,300,300,75,203.88,No,No
726,2023-06-17,09:08,Đà Nẵng,CUST726,Male,47,Clothing,4,300,1200,124,198.17,No,No
727,2023-06-22,14:12,Hà Nội,CUST727,Male,55,Beauty,3,300,900,145,183.94,Yes,No
728,2023-07-14,22:26,Đà Nẵng,CUST728,Male,51,Electronics,3,50,150,36,32.28,Yes,No
729,2023-05-23,18:42,Hà Nội,CUST729,Male,29,Clothing,4,300,1200,242,194.8,Yes,No
730,2023-08-04,16:24,Hà Nội,CUST730,Female,36,Clothing,2,25,50,115,17.42,No,No
731,2023-05-10,11:43,Hà Nội,CUST731,Male,54,Clothing,4,500,2000,250,374.74,Yes,No
732,2023-02-11,17:47,Đà Nẵng,CUST732,Male,61,Electronics,2,500,1000,91,347.38,No,No
733,2023-08-29,15:57,TP.HCM,CUST733,Male,34,Beauty,1,30,30,193,18.35,No,No
734,2023-01-10,13:11,TP.HCM,CUST734,Female,27,Clothing,1,30,30,184,23.75,No,No
735,2023-10-04,10:39,TP.HCM,CUST735,Female,64,Clothing,4,500,2000,271,394.27,Yes,No
736,2023-01-27,20:36,Đà Nẵng,CUST736,Male,29,Clothing,4,25,100,131,18.93,No,No
737,2023-06-29,13:19,TP.HCM,CUST737,Female,33,Clothing,1,50,50,205,39.91,No,No
738,2023-04-25,10:25,Đà Nẵng,CUST738,Male,41,Clothing,2,50,100,190,35.44,No,No
739,2023-11-29,12:35,TP.HCM,CUST739,Male,36,Beauty,1,25,25,158,19.81,No,No
740,2023-02-05,13:53,TP.HCM,CUST740,Female,25,Beauty,4,50,200,63,30.76,No,No
741,2023-11-30,19:00,TP.HCM,CUST741,Male,48,Clothing,1,300,300,173,201.94,No,No
742,2023-01-21,18:19,Hà Nội,CUST742,Female,38,Electronics,4,500,2000,96,322.54,No,Yes
743,2023-01-16,18:18,TP.HCM,CUST743,Female,34,Beauty,4,500,2000,129,319.58,No,No
744,2023-05-07,08:13,TP.HCM,CUST744,Male,40,Electronics,1,25,25,65,15.7,Yes,No
745,2023-04-13,13:27,Hà Nội,CUST745,Male,54,Beauty,2,50,100,76,36.22,Yes,No
746,2023-01-11,14:50,Đà Nẵng,CUST746,Female,33,Clothing,3,30,90,247,22.69,Yes,No
747,2023-11-15,08:37,TP.HCM,CUST747,Male,23,Beauty,1,30,30,179,21.47,No,No
748,2023-03-20,11:38,TP.HCM,CUST748,Male,25,Clothing,3,50,150,154,31.47,No,No
749,2023-05-03,18:41,Cần Thơ,CUST749,Male,42,Beauty,1,30,30,89,22.87,No,No
750,2023-03-06,10:20,TP.HCM,CUST750,Female,35,Clothing,3,25,75,268,18.18,No,No
751,2023-08-31,15:29,Hà Nội,CUST751,Female,42,Clothing,2,25,50,223,16.94,No,No
752,2023-12-09,10:28,Cần Thơ,CUST752,Male,29,Clothing,2,50,100,157,36.74,No,No
753,2023-02-28,08:28,TP.HCM,CUST753,Female,32,Clothing,1,30,30,127,19.56,No,No
754,2023-10-16,11:43,Hà Nội,CUST754,Female,43,Electronics,4,25,100,64,16.73,No,No
755,2023-04-22,22:13,Hà Nội,CUST755,Female,58,Clothing,3,25,75,242,19.59,Yes,No
756,2023-08-27,18:32,Đà Nẵng,CUST756,Female,62,Electronics,4,300,1200,67,197.43,Yes,No
757,2023-12-25,21:30,TP.HCM,CUST757,Female,43,Electronics,4,300,1200,34,208.2,Yes,Yes
758,2023-05-12,14:50,TP.HCM,CUST758,Male,64,Clothing,4,25,100,295,19.45,No,No
759,2023-07-08,09:57,Đà Nẵng,CUST759,Male,49,Electronics,2,50,100,55,37.08,No,No
760,2023-03-27,15:50,Đà Nẵng,CUST760,Male,27,Beauty,1,500,500,196,306.22,No,No
761,2023-11-07,13:47,Hà Nội,CUST761,Female,33,Clothing,1,500,500,157,314.73,Yes,No
762,2023-11-07,19:10,Hà Nội,CUST762,Female,24,Electronics,2,25,50,74,15.04,No,No
763,2023-02-28,09:42,Hà Nội,CUST763,Male,34,Clothing,2,25,50,243,18.15,No,No
764,2023-03-25,14:05,TP.HCM,CUST764,Female,40,Clothing,1,25,25,296,17.24,Yes,No
765,2023-06-09,10:18,Hà Nội,CUST765,Male,43,Clothing,4,50,200,259,31.34,No,No
766,2023-02-25,12:32,TP.HCM,CUST766,Male,38,Electronics,3,300,900,98,237.48,Yes,No
767,2023-10-24,18:42,Đà Nẵng,CUST767,Male,39,Beauty,3,25,75,192,17.65,No,No
768,2023-01-14,14:40,Đà Nẵng,CUST768,Female,24,Beauty,3,25,75,56,16.21,No,No
769,2023-06-09,12:39,Hà Nội,CUST769,Female,31,Electronics,4,30,120,97,21.0,Yes,No
770,2023-10-22,12:21,Đà Nẵng,CUST770,Male,32,Clothing,1,50,50,268,36.8,Yes,No
771,2023-12-13,13:05,Hà Nội,CUST771,Male,24,Electronics,2,25,50,54,15.38,No,No
772,2023-07-12,18:52,Đà Nẵng,CUST772,Male,26,Electronics,1,30,30,23,19.65,No,No
773,2023-07-23,20:48,Hà Nội,CUST773,Male,25,Electronics,4,500,2000,43,380.7,No,No
774,2023-04-12,21:15,TP.HCM,CUST774,Female,40,Clothing,2,25,50,169,17.3,No,No
775,2023-02-08,18:43,Đà Nẵng,CUST775,Female,46,Electronics,4,25,100,59,17.73,No,No
776,2023-10-31,11:19,Hà Nội,CUST776,Male,35,Clothing,3,30,90,186,20.6,No,No
777,2023-12-20,17:14,Hà Nội,CUST777,Male,48,Electronics,3,50,150,64,30.44,No,No
778,2023-11-18,13:51,TP.HCM,CUST778,Female,47,Beauty,4,25,100,51,15.83,No,No
779,2023-05-05,11:12,TP.HCM,CUST779,Female,56,Electronics,2,500,1000,43,344.55,No,No
780,2023-02-22,19:09,TP.HCM,CUST780,Male,52,Electronics,2,25,50,38,16.05,No,No
781,2023-12-23,08:01,TP.HCM,CUST781,Male,35,Beauty,1,500,500,194,305.0,No,No
782,2023-06-04,20:02,TP.HCM,CUST782,Male,59,Clothing,3,300,900,268,230.62,No,No
783,2023-12-17,14:15,Hà Nội,CUST783,Female,56,Clothing,1,300,300,202,238.87,Yes,No
784,2023-11-04,17:30,Hà Nội,CUST784,Female,34,Electronics,1,500,500,28,379.31,No,No
785,2023-03-03,17:39,Hà Nội,CUST785,Female,31,Beauty,4,50,200,86,38.54,No,No
786,2023-10-17,20:54,Cần Thơ,CUST786,Male,48,Clothing,4,25,100,289,16.21,Yes,No
787,2023-01-22,17:49,TP.HCM,CUST787,Male,41,Electronics,1,25,25,23,19.8,No,Yes
788,2023-06-27,16:04,TP.HCM,CUST788,Female,52,Beauty,3,300,900,73,191.82,No,No
789,2023-09-30,09:29,TP.HCM,CUST789,Female,61,Clothing,4,500,2000,291,395.14,Yes,No
790,2023-08-08,15:26,Cần Thơ,CUST790,Male,62,Clothing,1,25,25,235,19.97,No,No
791,2023-12-05,10:56,Hà Nội,CUST791,Female,51,Beauty,1,25,25,105,18.56,Yes,No
792,2023-07-09,18:40,TP.HCM,CUST792,Female,20,Beauty,1,50,50,146,39.81,Yes,No
793,2023-02-05,15:36,TP.HCM,CUST793,Male,54,Beauty,1,30,30,157,21.42,No,No
794,2023-09-17,17:12,TP.HCM,CUST794,Female,60,Beauty,1,300,300,166,195.57,No,No
795,2023-11-28,08:45,Hà Nội,CUST795,Male,57,Electronics,1,300,300,63,206.22,Yes,No
796,2023-06-24,09:44,Đà Nẵng,CUST796,Male,43,Beauty,4,30,120,90,21.56,No,No
797,2023-01-07,17:24,Cần Thơ,CUST797,Male,40,Clothing,3,25,75,194,15.37,No,No
798,2023-08-04,09:31,TP.HCM,CUST798,Male,61,Clothing,1,50,50,179,36.22,Yes,No
799,2023-09-08,09:25,TP.HCM,CUST799,Male,56,Electronics,2,50,100,61,39.81,Yes,No
800,2023-02-24,08:15,Cần Thơ,CUST800,Male,32,Clothing,4,300,1200,298,191.41,No,No
801,2023-08-10,21:09,TP.HCM,CUST801,Male,21,Clothing,4,50,200,245,37.93,Yes,No
802,2023-07-05,18:41,Hà Nội,CUST802,Female,46,Beauty,1,30,30,71,23.45,No,No
803,2023-11-22,12:44,TP.HCM,CUST803,Male,39,Clothing,4,25,100,113,19.72,No,No
804,2023-08-24,11:00,TP.HCM,CUST804,Male,42,Electronics,1,30,30,39,23.76,No,No
805,2023-12-29,12:57,TP.HCM,CUST805,Female,30,Beauty,3,500,1500,90,352.15,Yes,No
806,2023-03-20,18:48,TP.HCM,CUST806,Female,35,Beauty,3,300,900,62,238.64,No,No
807,2023-08-11,17:55,Cần Thơ,CUST807,Female,50,Electronics,4,50,200,30,37.57,No,No
808,2023-04-01,10:49,Cần Thơ,CUST808,Male,33,Beauty,4,500,2000,119,316.17,No,No
809,2023-09-25,10:56,TP.HCM,CUST809,Female,62,Beauty,2,50,100,163,34.77,Yes,No
810,2023-11-30,09:06,Hà Nội,CUST810,Male,59,Electronics,4,25,100,74,18.59,Yes,No
811,2023-05-19,17:49,Hải Phòng,CUST811,Male,61,Beauty,2,25,50,174,16.24,No,No
812,2023-11-12,18:27,Đà Nẵng,CUST812,Male,19,Electronics,3,25,75,97,18.2,No,No
813,2023-10-03,11:14,Hà Nội,CUST813,Male,52,Electronics,3,50,150,76,36.67,Yes,No
814,2023-09-05,08:11,Cần Thơ,CUST814,Female,59,Clothing,1,500,500,206,316.27,No,No
815,2023-08-27,09:51,Đà Nẵng,CUST815,Female,51,Clothing,3,25,75,169,17.83,Yes,No
816,2023-08-12,21:44,TP.HCM,CUST816,Male,47,Beauty,2,500,1000,105,377.16,No,No
817,2023-10-31,11:33,TP.HCM,CUST817,Male,30,Beauty,4,50,200,181,34.99,No,No
818,2023-05-18,18:29,TP.HCM,CUST818,Male,30,Electronics,1,500,500,34,301.21,No,No
819,2023-06-15,17:03,Hà Nội,CUST819,Female,35,Beauty,2,50,100,138,30.09,No,No
820,2023-05-06,12:35,Hà Nội,CUST820,Male,49,Electronics,4,50,200,75,33.57,No,No
821,2023-02-14,10:15,Đà Nẵng,CUST821,Male,49,Electronics,1,300,300,34,235.57,No,No
822,2023-05-23,10:58,Hà Nội,CUST822,Female,52,Beauty,3,50,150,122,32.29,No,No
823,2023-08-19,16:54,Hà Nội,CUST823,Female,56,Electronics,2,50,100,95,36.34,No,No
824,2023-05-05,18:07,TP.HCM,CUST824,Male,63,Clothing,4,30,120,224,19.33,No,No
825,2023-08-26,17:29,TP.HCM,CUST825,Female,46,Beauty,1,25,25,184,16.61,Yes,No
826,2023-10-19,15:08,Cần Thơ,CUST826,Female,46,Clothing,1,300,300,270,230.88,Yes,No
827,2023-11-09,08:51,Hà Nội,CUST827,Male,61,Beauty,3,300,900,128,223.73,No,No
828,2023-12-09,21:29,Hà Nội,CUST828,Female,33,Electronics,4,300,1200,25,185.72,No,No
829,2023-07-14,18:42,TP.HCM,CUST829,Male,61,Beauty,3,30,90,106,20.57,No,No
830,2023-06-22,11:33,TP.HCM,CUST830,Female,64,Clothing,3,50,150,201,30.29,Yes,No
831,2023-01-15,22:35,Hà Nội,CUST831,Male,27,Electronics,4,25,100,96,17.4,No,No
832,2023-09-11,16:38,TP.HCM,CUST832,Male,47,Beauty,4,500,2000,64,366.24,No,No
833,2023-06-16,16:20,Hà Nội,CUST833,Male,42,Beauty,4,50,200,51,31.19,No,No
834,2023-04-04,18:48,Hà Nội,CUST834,Female,56,Beauty,2,30,60,102,19.73,No,No
835,2023-09-07,18:57,TP.HCM,CUST835,Male,37,Clothing,4,50,200,177,33.98,No,No
836,2023-04-19,17:28,TP.HCM,CUST836,Female,22,Clothing,1,50,50,154,39.2,No,No
837,2023-07-01,10:39,Cần Thơ,CUST837,Male,18,Beauty,3,30,90,85,23.96,No,No
838,2023-05-13,12:52,TP.HCM,CUST838,Male,47,Electronics,2,300,600,52,182.69,Yes,No
839,2023-06-24,21:46,TP.HCM,CUST839,Female,20,Electronics,4,300,1200,57,225.66,No,No
840,2023-05-24,11:57,TP.HCM,CUST840,Male,62,Clothing,2,25,50,183,16.86,No,No
841,2023-11-02,12:32,Hà Nội,CUST841,Male,31,Electronics,4,25,100,35,16.96,No,No
842,2023-12-26,13:27,TP.HCM,CUST842,Female,47,Clothing,2,300,600,101,225.26,Yes,No
843,2023-05-22,13:53,Hà Nội,CUST843,Male,21,Beauty,3,500,1500,177,391.84,No,No
844,2023-10-12,16:58,Hải Phòng,CUST844,Male,35,Clothing,3,50,150,291,39.51,No,No
845,2023-01-06,21:35,Hà Nội,CUST845,Male,54,Clothing,1,500,500,210,357.71,Yes,No
846,2023-09-22,11:28,TP.HCM,CUST846,Male,42,Beauty,1,50,50,94,33.57,No,No
847,2023-04-08,10:57,Hà Nội,CUST847,Female,18,Electronics,4,300,1200,36,227.25,No,No
848,2023-02-13,10:10,Hải Phòng,CUST848,Female,63,Clothing,3,25,75,197,16.26,No,No
849,2023-05-04,20:47,TP.HCM,CUST849,Male,32,Clothing,2,25,50,236,17.82,No,No
850,2023-07-28,17:55,TP.HCM,CUST850,Female,26,Beauty,2,500,1000,108,335.86,Yes,No
851,2023-09-08,11:30,Hà Nội,CUST851,Male,32,Electronics,2,25,50,84,18.28,No,No
852,2023-10-12,18:28,TP.HCM,CUST852,Female,41,Clothing,1,300,300,243,194.42,Yes,No
853,2023-05-04,19:16,Hà Nội,CUST853,Male,21,Beauty,2,500,1000,140,319.16,No,No
854,2023-12-20,19:48,Đà Nẵng,CUST854,Male,29,Clothing,1,50,50,118,39.18,No,No
855,2023-09-01,20:15,Hà Nội,CUST855,Male,54,Beauty,1,25,25,151,15.51,No,No
856,2023-11-27,11:53,Hà Nội,CUST856,Male,54,Electronics,4,30,120,25,21.04,Yes,No
857,2023-12-31,18:40,Hà Nội,CUST857,Male,60,Electronics,2,25,50,75,16.1,No,No
858,2023-09-09,14:17,TP.HCM,CUST858,Male,23,Electronics,2,50,100,22,30.39,No,No
859,2023-08-18,19:49,TP.HCM,CUST859,Female,56,Electronics,3,500,1500,78,303.6,No,No
860,2023-01-09,18:49,Hà Nội,CUST860,Male,63,Clothing,4,50,200,119,31.75,No,No
861,2023-02-17,18:33,Đà Nẵng,CUST861,Female,41,Clothing,3,30,90,180,23.2,No,No
862,2023-05-31,17:31,TP.HCM,CUST862,Male,28,Electronics,4,300,1200,93,196.95,No,No
863,2023-04-24,10:40,TP.HCM,CUST863,Female,30,Electronics,2,25,50,74,19.75,No,No
864,2023-07-27,15:15,TP.HCM,CUST864,Female,51,Electronics,1,500,500,93,358.16,Yes,No
865,2023-12-21,22:17,TP.HCM,CUST865,Female,42,Clothing,1,300,300,203,206.2,Yes,No
866,2023-05-05,21:28,TP.HCM,CUST866,Male,24,Electronics,1,50,50,73,35.8,No,No
867,2023-06-06,08:04,Hà Nội,CUST867,Male,21,Electronics,1,500,500,57,351.67,No,No
868,2023-12-06,10:45,Hà Nội,CUST868,Female,25,Electronics,1,300,300,34,225.53,No,No
869,2023-10-25,10:18,Đà Nẵng,CUST869,Male,37,Beauty,3,500,1500,153,328.25,No,No
870,2023-07-08,18:15,Cần Thơ,CUST870,Female,46,Electronics,4,30,120,22,20.12,Yes,No
871,2023-08-31,18:17,TP.HCM,CUST871,Male,62,Beauty,2,30,60,133,23.36,No,No
872,2023-10-11,10:21,Hà Nội,CUST872,Female,63,Beauty,3,25,75,93,19.73,Yes,No
873,2023-09-29,14:20,TP.HCM,CUST873,Female,27,Electronics,4,25,100,99,19.46,Yes,No
874,2023-06-26,19:57,TP.HCM,CUST874,Male,60,Beauty,1,30,30,167,20.52,No,No
875,2023-08-06,18:34,Hà Nội,CUST875,Female,51,Electronics,4,500,2000,66,378.04,Yes,No
876,2023-10-09,15:05,Hà Nội,CUST876,Male,43,Clothing,4,30,120,122,20.86,No,No
877,2023-06-19,16:08,TP.HCM,CUST877,Female,58,Clothing,1,25,25,211,17.49,Yes,No
878,2023-06-30,14:09,TP.HCM,CUST878,Female,20,Clothing,1,30,30,127,19.23,No,No
879,2023-12-26,11:14,Hà Nội,CUST879,Male,23,Clothing,1,30,30,162,21.55,No,No
880,2023-08-21,16:24,Hà Nội,CUST880,Male,22,Beauty,2,500,1000,161,318.61,Yes,No
881,2023-05-19,17:44,Hà Nội,CUST881,Male,22,Electronics,1,300,300,95,199.89,No,No
882,2023-06-06,19:09,TP.HCM,CUST882,Female,64,Electronics,2,25,50,71,19.28,No,No
883,2023-05-09,17:45,Hà Nội,CUST883,Male,40,Electronics,1,500,500,87,320.71,No,No
884,2023-04-29,18:13,Hà Nội,CUST884,Female,26,Clothing,2,30,60,120,18.43,Yes,No
885,2023-03-03,10:04,Đà Nẵng,CUST885,Female,52,Clothing,4,30,120,201,18.41,No,No
886,2023-04-09,14:26,Hà Nội,CUST886,Male,37,Electronics,3,300,900,59,236.45,No,No
887,2023-06-11,08:26,TP.HCM,CUST887,Male,59,Clothing,4,25,100,290,17.53,No,No
888,2023-03-03,11:21,Hà Nội,CUST888,Female,52,Electronics,4,25,100,63,17.05,No,No
889,2023-10-02,18:34,Hà Nội,CUST889,Female,35,Electronics,1,50,50,48,38.11,No,No
890,2023-12-20,22:29,Hà Nội,CUST890,Male,34,Electronics,2,25,50,62,19.18,No,No
891,2023-04-05,09:26,TP.HCM,CUST891,Male,41,Electronics,3,300,900,41,199.93,No,No
892,2023-04-09,13:03,Đà Nẵng,CUST892,Male,20,Electronics,1,50,50,29,36.94,No,No
893,2023-04-21,18:13,Đà Nẵng,CUST893,Male,49,Electronics,1,50,50,85,37.71,No,No
894,2023-09-05,10:53,TP.HCM,CUST894,Male,52,Electronics,1,30,30,34,21.93,No,No
895,2023-05-22,15:26,TP.HCM,CUST895,Female,55,Clothing,4,30,120,235,18.91,No,No
896,2023-10-29,18:24,Hà Nội,CUST896,Female,30,Electronics,2,25,50,85,19.38,No,No
897,2023-09-26,16:57,Hà Nội,CUST897,Female,64,Electronics,2,50,100,44,35.39,Yes,No
898,2023-11-02,10:49,Đà Nẵng,CUST898,Female,42,Clothing,3,30,90,298,19.69,No,No
899,2023-05-25,12:37,Hà Nội,CUST899,Male,26,Clothing,2,300,600,189,205.51,No,No
900,2023-02-21,18:44,Hà Nội,CUST900,Male,21,Clothing,2,30,60,189,18.23,No,No
901,2023-04-10,15:01,Hà Nội,CUST901,Male,31,Electronics,1,30,30,38,18.77,No,No
902,2023-06-01,08:54,Hà Nội,CUST902,Female,54,Beauty,1,50,50,110,37.66,No,No
903,2023-04-27,18:56,Hà Nội,CUST903,Female,51,Beauty,4,50,200,76,30.0,No,No
904,2023-07-04,08:48,TP.HCM,CUST904,Male,28,Clothing,1,500,500,137,341.66,Yes,No
905,2023-04-02,18:36,TP.HCM,CUST905,Male,58,Beauty,1,300,300,115,211.35,No,No
906,2023-06-04,10:24,Đà Nẵng,CUST906,Female,20,Clothing,1,50,50,150,30.55,No,No
907,2023-01-08,21:30,Đà Nẵng,CUST907,Female,45,Electronics,1,25,25,42,19.87,No,No
908,2023-12-29,12:00,Hà Nội,CUST908,Male,46,Beauty,4,300,1200,89,193.57,No,No
909,2023-10-01,12:22,Hà Nội,CUST909,Male,26,Electronics,1,300,300,29,198.25,No,No
910,2023-03-06,10:19,TP.HCM,CUST910,Female,20,Beauty,3,50,150,95,33.04,No,No
911,2023-05-21,11:48,TP.HCM,CUST911,Male,42,Electronics,3,300,900,100,193.82,Yes,No
912,2023-01-24,19:24,Hà Nội,CUST912,Male,51,Beauty,3,50,150,176,30.01,Yes,Yes
913,2023-01-28,22:54,TP.HCM,CUST913,Male,29,Electronics,3,30,90,79,22.38,Yes,No
914,2023-10-11,12:57,TP.HCM,CUST914,Female,59,Electronics,1,500,500,92,396.68,No,No
915,2023-05-30,13:53,TP.HCM,CUST915,Female,26,Beauty,3,30,90,198,19.35,No,No
916,2023-12-24,18:26,TP.HCM,CUST916,Female,32,Electronics,1,50,50,77,36.63,No,Yes
917,2023-03-06,20:34,Hà Nội,CUST917,Female,57,Electronics,4,50,200,92,37.42,No,No
918,2023-11-23,16:47,Cần Thơ,CUST918,Female,42,Electronics,3,30,90,99,23.09,No,No
919,2023-09-09,12:47,Đà Nẵng,CUST919,Female,22,Beauty,2,25,50,132,17.11,No,No
920,2023-02-22,13:34,Hà Nội,CUST920,Female,28,Beauty,3,25,75,130,16.51,No,No
921,2023-01-07,17:51,Đà Nẵng,CUST921,Male,51,Electronics,3,25,75,39,16.63,No,No
922,2023-10-21,08:38,TP.HCM,CUST922,Male,41,Electronics,1,50,50,76,37.13,No,No
923,2023-05-26,16:57,Đà Nẵng,CUST923,Male,32,Beauty,3,300,900,67,229.01,No,No
924,2023-08-29,12:14,Đà Nẵng,CUST924,Male,55,Beauty,2,50,100,170,31.82,Yes,No
925,2023-09-03,18:31,TP.HCM,CUST925,Male,25,Electronics,1,300,300,76,202.26,No,No
926,2023-08-14,09:14,Hà Nội,CUST926,Male,22,Electronics,1,30,30,100,23.41,Yes,No
927,2023-06-24,16:17,Hà Nội,CUST927,Male,43,Electronics,4,500,2000,58,380.67,No,No
928,2023-04-05,14:27,TP.HCM,CUST928,Female,35,Clothing,4,300,1200,170,239.09,No,No
929,2023-01-27,17:31,TP.HCM,CUST929,Female,23,Beauty,3,25,75,64,18.77,No,No
930,2023-05-10,09:01,Hà Nội,CUST930,Male,54,Clothing,4,50,200,190,33.93,Yes,No
931,2023-09-02,16:24,Hà Nội,CUST931,Male,30,Beauty,4,30,120,179,21.54,No,Yes
932,2023-02-28,16:21,Đà Nẵng,CUST932,Female,45,Beauty,4,25,100,68,18.31,Yes,No
933,2023-02-03,16:42,Hải Phòng,CUST933,Male,22,Beauty,1,30,30,129,18.47,No,No
934,2023-07-25,16:43,TP.HCM,CUST934,Male,30,Beauty,1,500,500,168,354.45,Yes,No
935,2023-09-09,17:51,Hà Nội,CUST935,Female,34,Beauty,1,50,50,165,37.09,No,No
936,2023-02-07,18:25,Hà Nội,CUST936,Male,57,Beauty,4,50,200,59,31.67,No,No
937,2023-10-23,11:46,Hà Nội,CUST937,Female,62,Beauty,1,500,500,64,378.06,No,No
938,2023-11-19,19:10,Cần Thơ,CUST938,Male,49,Clothing,4,50,200,194,35.84,Yes,No
939,2023-12-18,14:53,Hà Nội,CUST939,Female,46,Electronics,1,300,300,56,237.13,Yes,No
940,2023-01-28,09:29,TP.HCM,CUST940,Female,20,Electronics,1,30,30,29,18.25,No,No
941,2023-03-19,09:58,Hà Nội,CUST941,Female,57,Clothing,2,25,50,265,16.33,No,No
942,2023-03-18,12:08,TP.HCM,CUST942,Male,51,Clothing,3,500,1500,123,360.16,No,No
943,2023-10-16,18:39,TP.HCM,CUST943,Female,57,Clothing,4,300,1200,257,197.79,Yes,No
944,2023-06-05,17:34,Đà Nẵng,CUST944,Male,44,Clothing,2,25,50,252,18.57,No,No
945,2023-02-13,18:01,Hà Nội,CUST945,Male,30,Beauty,1,25,25,179,18.8,Yes,No
946,2023-05-08,15:58,Hà Nội,CUST946,Male,62,Electronics,4,500,2000,69,310.25,Yes,No
947,2023-03-02,13:25,Hà Nội,CUST947,Male,50,Beauty,1,300,300,168,210.83,No,No
948,2023-10-13,10:37,Cần Thơ,CUST948,Female,23,Electronics,3,25,75,94,17.54,No,No
949,2023-08-02,12:36,Đà Nẵng,CUST949,Female,41,Electronics,2,25,50,90,16.85,Yes,No
950,2023-11-07,13:42,TP.HCM,CUST950,Male,36,Clothing,3,300,900,289,235.98,Yes,No
951,2023-11-02,09:01,TP.HCM,CUST951,Male,33,Beauty,2,50,100,60,38.28,Yes,No
952,2023-11-13,11:05,TP.HCM,CUST952,Female,57,Clothing,1,25,25,215,18.49,No,No
953,2023-04-26,16:41,Hà Nội,CUST953,Male,45,Beauty,3,30,90,196,22.29,No,No
954,2023-09-25,18:27,Cần Thơ,CUST954,Female,50,Electronics,3,300,900,44,207.7,Yes,No
955,2023-07-14,22:08,TP.HCM,CUST955,Male,58,Clothing,1,25,25,182,19.6,Yes,No
956,2023-08-19,21:55,TP.HCM,CUST956,Male,30,Clothing,3,500,1500,254,369.46,No,No
957,2023-08-15,17:29,TP.HCM,CUST957,Female,60,Electronics,4,30,120,80,22.37,No,No
958,2023-06-02,13:11,Hà Nội,CUST958,Male,62,Electronics,2,25,50,84,19.31,No,No
959,2023-10-29,17:03,Hà Nội,CUST959,Female,42,Electronics,2,30,60,39,19.64,Yes,No
960,2023-08-08,18:16,TP.HCM,CUST960,Male,59,Clothing,2,30,60,115,22.84,Yes,No
961,2023-06-06,09:24,Hà Nội,CUST961,Male,53,Beauty,4,50,200,165,31.95,No,No
962,2023-10-19,13:20,TP.HCM,CUST962,Male,44,Clothing,2,30,60,126,20.07,No,No
963,2023-11-14,19:13,Hà Nội,CUST963,Female,55,Beauty,1,50,50,137,33.36,Yes,No
964,2023-01-31,12:29,TP.HCM,CUST964,Male,24,Clothing,3,300,900,282,238.71,No,No
965,2023-11-09,16:20,Hà Nội,CUST965,Male,22,Clothing,4,50,200,121,38.57,Yes,No
966,2023-02-20,16:21,TP.HCM,CUST966,Male,60,Electronics,2,500,1000,84,370.12,No,No
967,2023-04-17,10:48,TP.HCM,CUST967,Male,62,Beauty,1,25,25,94,18.64,No,No
968,2023-11-17,12:56,Hà Nội,CUST968,Female,48,Clothing,3,300,900,110,213.72,Yes,No
969,2023-04-19,12:24,TP.HCM,CUST969,Female,40,Clothing,3,300,900,163,236.83,No,No
970,2023-05-16,08:17,TP.HCM,CUST970,Male,59,Electronics,4,500,2000,76,349.63,No,No
971,2023-12-05,08:48,TP.HCM,CUST971,Female,27,Electronics,4,50,200,76,33.81,No,No
972,2023-02-11,19:53,Cần Thơ,CUST972,Male,49,Beauty,4,25,100,184,15.82,No,No
973,2023-03-22,11:26,TP.HCM,CUST973,Male,60,Clothing,1,50,50,233,37.86,Yes,No
974,2023-05-03,15:16,Hà Nội,CUST974,Male,47,Beauty,1,30,30,90,22.41,No,No
975,2023-03-30,11:53,Hà Nội,CUST975,Female,56,Clothing,4,50,200,193,33.84,Yes,No
976,2023-10-10,21:05,Hà Nội,CUST976,Female,48,Beauty,2,300,600,145,181.51,No,No
977,2023-02-08,11:30,TP.HCM,CUST977,Female,35,Electronics,3,25,75,56,19.19,No,No
978,2023-03-22,13:01,Hà Nội,CUST978,Female,53,Clothing,3,50,150,199,30.11,No,No
979,2023-01-02,19:47,TP.HCM,CUST979,Female,19,Beauty,1,25,25,154,18.52,Yes,No
980,2023-07-29,19:34,TP.HCM,CUST980,Female,31,Electronics,3,25,75,63,19.85,No,No
981,2023-08-19,10:03,Hà Nội,CUST981,Female,30,Electronics,2,30,60,96,20.63,No,No
982,2023-12-19,18:22,Đà Nẵng,CUST982,Female,46,Beauty,3,30,90,63,19.41,No,No
983,2023-11-01,13:14,Hà Nội,CUST983,Female,29,Clothing,1,300,300,261,222.29,Yes,No
984,2023-08-29,14:41,Hà Nội,CUST984,Male,56,Clothing,1,500,500,265,381.71,Yes,No
985,2023-05-30,10:04,TP.HCM,CUST985,Female,19,Electronics,2,25,50,62,17.73,No,No
986,2023-01-17,09:49,TP.HCM,CUST986,Female,49,Clothing,2,500,1000,116,396.7,No,No
987,2023-04-29,18:41,TP.HCM,CUST987,Female,30,Clothing,3,300,900,184,183.1,Yes,No
988,2023-05-28,14:02,TP.HCM,CUST988,Female,63,Clothing,3,25,75,124,17.52,No,No
989,2023-12-28,13:48,Hà Nội,CUST989,Female,44,Electronics,1,25,25,91,18.59,No,No
990,2023-05-25,18:01,Đà Nẵng,CUST990,Female,58,Beauty,2,500,1000,148,386.26,No,No
991,2023-12-26,18:15,Đà Nẵng,CUST991,Female,34,Clothing,2,50,100,172,31.79,Yes,No
992,2023-08-21,10:12,TP.HCM,CUST992,Female,57,Electronics,2,30,60,52,22.8,Yes,No
993,2023-02-06,16:53,Hà Nội,CUST993,Female,48,Electronics,3,50,150,97,35.53,No,No
994,2023-12-18,10:01,TP.HCM,CUST994,Female,51,Beauty,2,500,1000,88,339.66,Yes,No
995,2023-04-30,18:39,TP.HCM,CUST995,Female,41,Clothing,1,30,30,185,18.79,No,Yes
996,2023-05-16,17:09,Hà Nội,CUST996,Male,62,Clothing,1,50,50,120,38.65,No,No
997,2023-11-17,21:15,Cần Thơ,CUST997,Male,52,Beauty,3,30,90,199,18.94,No,No
998,2023-10-29,09:08,Hà Nội,CUST998,Female,23,Beauty,4,25,100,86,16.55,No,No
999,2023-12-05,09:30,Hải Phòng,CUST999,Female,36,Electronics,3,50,150,64,32.9,No,No
1000,2023-04-12,11:42,TP.HCM,CUST1000,Male,47,Electronics,4,30,120,59,23.23,Yes,No
