,Transaction ID,Date,Customer ID,Gender,Age,Category,Product,Quantity,Price per Unit,Revenue,Store,City,Holiday
0,1,24/11/2023,CUST001,Male,34,Beauty,Face Cream,3.0,50.0,150,Mall,Hồ Chí Minh,No
1,2,27/2/2023,CUST002,Female,26,Clothing,T-Shirt,2.0,500.0,1000,Online,Hồ Chí Minh,No
2,3,13/1/2023,CUST003,Male,50,Electronics,Headphones,1.0,50.0,50,Online,Hồ Chí Minh,No
3,4,21/5/2023,CUST004,Male,37,Clothing,Jeans,1.0,500.0,500,Mall,Hồ Chí Minh,No
4,5,6/5/2023,CUST005,Male,30,Beauty,Face Cream,3.0,50.0,150,Online,Đà Nẵng,No
5,6,25/4/2023,CUST006,Female,45,Beauty,Lipstick,1.0,30.0,30,Mall,Hà Nội,No
6,7,13/3/2023,CUST007,Male,46,Clothing,T-Shirt,2.0,25.0,50,Mall,Hồ Chí Minh,No
7,8,22/2/2023,CUST008,Male,30,Electronics,Headphones,4.0,25.0,100,Online,Hà Nội,No
8,9,13/12/2023,CUST009,Male,63,Electronics,Laptop,2.0,300.0,600,Mall,Hồ Chí Minh,No
9,10,7/10/2023,CUST010,Female,52,Clothing,T-Shirt,4.0,50.0,200,Mall,Đà Nẵng,No
10,11,14/2/2023,CUST011,Male,23,Clothing,Jeans,2.0,30.0,60,Mall,Hà Nội,No
11,12,30/10/2023,CUST012,Male,35,Beauty,Face Cream,3.0,25.0,75,Online,Cần Thơ,No
12,13,5/8/2023,CUST013,Male,22,Electronics,Smartphone,1.0,500.0,500,Mall,Cần Thơ,No
13,14,17/1/2023,CUST014,Male,64,Clothing,Jeans,4.0,30.0,120,Mall,Hồ Chí Minh,No
14,15,16/1/2023,CUST015,Female,42,Electronics,Laptop,4.0,500.0,2000,Mall,Hồ Chí Minh,No
15,16,17/2/2023,CUST016,Male,19,Clothing,T-Shirt,4.0,500.0,2000,Online,Hồ Chí Minh,No
16,17,22/4/2023,CUST017,Female,27,Clothing,Jeans,4.0,300.0,1200,Online,Hà Nội,No
17,18,30/4/2023,CUST018,Female,47,Electronics,Smartphone,2.0,25.0,50,Mall,Hà Nội,No
18,19,16/9/2023,CUST019,Female,62,Clothing,Jeans,2.0,25.0,50,Mall,Hà Nội,No
19,20,5/11/2023,CUST020,Male,22,Clothing,Jacket,3.0,300.0,900,Online,Hà Nội,No
20,21,14/1/2023,CUST021,Female,50,Beauty,Face Cream,5.0,500.0,2500,Online,Đà Nẵng,No
21,22,15/10/2023,CUST022,Male,18,Clothing,T-Shirt,2.0,50.0,100,Mall,Hà Nội,No
22,23,12/4/2023,CUST023,Female,35,Clothing,Jeans,4.0,30.0,120,Mall,Hà Nội,No
23,24,29/11/2023,CUST024,Female,49,Clothing,Jacket,1.0,300.0,300,Mall,Hà Nội,No
24,25,26/12/2023,CUST025,Female,64,Beauty,Face Cream,1.0,50.0,50,Mall,Hồ Chí Minh,No
25,26,7/10/2023,CUST026,Female,28,Electronics,Smartphone,2.0,30.0,60,Mall,Cần Thơ,No
26,27,3/8/2023,CUST027,Female,38,Beauty,Face Cream,2.0,25.0,50,Mall,Hà Nội,No
27,28,23/4/2023,CUST028,Female,43,Beauty,Perfume,1.0,500.0,500,Online,Đà Nẵng,No
28,29,18/8/2023,CUST029,Female,42,Electronics,Laptop,1.0,30.0,30,Online,Hồ Chí Minh,No
29,30,29/10/2023,CUST030,Female,39,Beauty,Perfume,3.0,300.0,900,Online,Hà Nội,No
30,31,23/5/2023,CUST031,Male,44,Electronics,Laptop,4.0,300.0,1200,Online,Hồ Chí Minh,No
31,32,4/1/2023,CUST032,Male,30,Beauty,Face Cream,3.0,30.0,90,Online,Cần Thơ,No
32,33,23/3/2023,CUST033,Female,50,Electronics,Headphones,2.0,50.0,100,Mall,Hồ Chí Minh,No
33,34,24/12/2023,CUST034,Female,51,Clothing,Jacket,3.0,50.0,150,Online,Hồ Chí Minh,No
34,35,5/8/2023,CUST035,Female,58,Beauty,Face Cream,3.0,300.0,900,Mall,Hà Nội,No
35,36,24/6/2023,CUST036,Male,52,Beauty,Face Cream,3.0,300.0,900,Mall,Hồ Chí Minh,No
36,37,23/5/2023,CUST037,Female,18,Beauty,Perfume,3.0,25.0,75,Mall,Hà Nội,No
37,38,21/3/2023,CUST038,Male,38,Beauty,Face Cream,4.0,50.0,200,Online,Hà Nội,No
38,39,21/4/2023,CUST039,Male,23,Clothing,T-Shirt,4.0,30.0,120,Mall,Đà Nẵng,No
39,40,22/6/2023,CUST040,Male,45,Beauty,Perfume,1.0,50.0,50,Mall,Cần Thơ,No
40,41,22/2/2023,CUST041,Male,34,Clothing,Jeans,2.0,25.0,50,Online,Đà Nẵng,No
41,42,17/2/2023,CUST042,Male,22,Clothing,T-Shirt,3.0,300.0,900,Mall,Hà Nội,No
42,43,14/7/2023,CUST043,Female,48,Clothing,T-Shirt,1.0,300.0,300,Online,Hồ Chí Minh,No
43,44,19/2/2023,CUST044,Female,22,Clothing,Jacket,1.0,25.0,25,Mall,Đà Nẵng,No
44,45,3/7/2023,CUST045,Female,55,Electronics,Laptop,1.0,30.0,30,Mall,Đà Nẵng,No
45,46,26/6/2023,CUST046,Female,20,Electronics,Headphones,4.0,300.0,1200,Online,Hồ Chí Minh,No
46,47,6/11/2023,CUST047,Female,40,Beauty,Face Cream,3.0,500.0,1500,Mall,Hà Nội,No
47,48,16/5/2023,CUST048,Male,54,Electronics,Headphones,3.0,300.0,900,Online,Hồ Chí Minh,No
48,49,23/1/2023,CUST049,Female,54,Electronics,Laptop,2.0,500.0,1000,Mall,Cần Thơ,No
49,50,24/8/2023,CUST050,Female,27,Beauty,Perfume,3.0,25.0,75,Mall,Hà Nội,No
50,51,2/10/2023,CUST051,Male,27,Beauty,Face Cream,3.0,25.0,75,Online,Cần Thơ,No
51,52,5/3/2023,CUST052,Female,36,Beauty,Face Cream,1.0,300.0,300,Online,Hà Nội,No
52,53,13/7/2023,CUST053,Male,34,Electronics,Headphones,2.0,50.0,100,Mall,Hồ Chí Minh,No
53,54,10/2/2023,CUST054,Female,38,Electronics,Laptop,3.0,500.0,1500,Mall,Hà Nội,No
54,55,10/10/2023,CUST055,Male,31,Beauty,Perfume,4.0,30.0,120,Mall,Hồ Chí Minh,No
55,56,31/5/2023,CUST056,Female,26,Clothing,Jeans,3.0,300.0,900,Mall,Cần Thơ,No
56,57,18/11/2023,CUST057,Female,63,Beauty,Perfume,1.0,30.0,30,Mall,Hồ Chí Minh,No
57,58,13/11/2023,CUST058,Male,18,Clothing,T-Shirt,4.0,300.0,1200,Mall,Đà Nẵng,No
58,59,5/7/2023,CUST059,Male,62,Clothing,Jeans,1.0,50.0,50,Online,Hồ Chí Minh,No
59,60,23/10/2023,CUST060,Male,30,Beauty,Lipstick,3.0,50.0,150,Mall,Hà Nội,No
60,61,9/4/2023,CUST061,Male,21,Beauty,Face Cream,4.0,50.0,200,Online,Hồ Chí Minh,No
61,62,27/12/2023,CUST062,Male,18,Beauty,Face Cream,2.0,50.0,100,Mall,Hồ Chí Minh,No
62,63,5/2/2023,CUST063,Male,57,Electronics,Smartphone,2.0,25.0,50,Mall,Hà Nội,No
63,64,24/1/2023,CUST064,Male,49,Clothing,Jeans,4.0,25.0,100,Mall,Hồ Chí Minh,No
64,65,5/12/2023,CUST065,Male,51,Electronics,Smartphone,4.0,500.0,2000,Mall,Hà Nội,No
65,66,27/4/2023,CUST066,Female,45,Electronics,Headphones,1.0,30.0,30,Online,Hà Nội,No
66,67,29/5/2023,CUST067,Female,48,Beauty,Lipstick,4.0,300.0,1200,Mall,Hồ Chí Minh,No
67,68,10/2/2023,CUST068,Male,25,Electronics,Headphones,1.0,300.0,300,Online,Hồ Chí Minh,No
68,69,30/4/2023,CUST069,Female,56,Beauty,Lipstick,3.0,25.0,75,Online,Cần Thơ,No
69,70,21/2/2023,CUST070,Female,43,Clothing,T-Shirt,1.0,300.0,300,Mall,Cần Thơ,No
70,71,14/7/2023,CUST071,Female,51,Beauty,Lipstick,4.0,25.0,100,Online,Đà Nẵng,No
71,72,23/5/2023,CUST072,Female,20,Electronics,Headphones,4.0,500.0,2000,Online,Hồ Chí Minh,No
72,73,21/8/2023,CUST073,Male,29,Electronics,Laptop,3.0,30.0,90,Mall,Đà Nẵng,No
73,74,22/11/2023,CUST074,Female,18,Beauty,Perfume,4.0,500.0,2000,Online,Hồ Chí Minh,No
74,75,6/7/2023,CUST075,Male,61,Beauty,Face Cream,4.0,50.0,200,Online,Cần Thơ,No
75,76,25/3/2023,CUST076,Female,22,Electronics,Headphones,2.0,50.0,100,Online,Hồ Chí Minh,No
76,77,9/7/2023,CUST077,Female,47,Clothing,Jeans,2.0,50.0,100,Mall,Hà Nội,No
77,78,1/7/2023,CUST078,Female,47,Clothing,Jacket,3.0,500.0,1500,Online,Hà Nội,No
78,79,18/4/2023,CUST079,Male,34,Beauty,Lipstick,1.0,300.0,300,Online,Hồ Chí Minh,No
79,80,10/12/2023,CUST080,Female,64,Clothing,T-Shirt,2.0,30.0,60,Mall,Hồ Chí Minh,No
80,81,17/5/2023,CUST081,Male,40,Electronics,Laptop,1.0,50.0,50,Online,Hồ Chí Minh,No
81,82,26/12/2023,CUST082,Female,32,Beauty,Face Cream,4.0,50.0,200,Online,Hà Nội,No
82,83,16/12/2023,CUST083,Male,54,Electronics,Smartphone,2.0,50.0,100,Online,Đà Nẵng,No
83,84,28/11/2023,CUST084,Female,38,Electronics,Laptop,3.0,30.0,90,Mall,Hà Nội,No
84,85,6/2/2023,CUST085,Male,31,Clothing,Jacket,3.0,50.0,150,Mall,Hà Nội,No
85,86,8/11/2023,CUST086,Male,19,Beauty,Perfume,3.0,30.0,90,Mall,Hồ Chí Minh,No
86,87,22/11/2023,CUST087,Female,28,Beauty,Face Cream,2.0,50.0,100,Online,Hà Nội,No
87,88,29/3/2023,CUST088,Male,56,Clothing,Jacket,1.0,500.0,500,Online,Hồ Chí Minh,No
88,89,1/10/2023,CUST089,Female,55,Electronics,Laptop,4.0,500.0,2000,Online,Hồ Chí Minh,No
89,90,6/5/2023,CUST090,Female,51,Electronics,Headphones,1.0,30.0,30,Mall,Hồ Chí Minh,No
90,91,25/3/2023,CUST091,Female,55,Electronics,Smartphone,1.0,500.0,500,Online,Đà Nẵng,No
91,92,25/8/2023,CUST092,Female,51,Electronics,Headphones,4.0,30.0,120,Mall,Hồ Chí Minh,No
92,93,14/7/2023,CUST093,Female,35,Beauty,Face Cream,4.0,500.0,2000,Online,Cần Thơ,No
93,94,19/5/2023,CUST094,Female,47,Beauty,Face Cream,2.0,500.0,1000,Online,Hồ Chí Minh,No
94,95,24/11/2023,CUST095,Female,32,Clothing,Jeans,2.0,30.0,60,Online,Hồ Chí Minh,No
95,96,19/12/2023,CUST096,Female,44,Clothing,Jacket,2.0,300.0,600,Mall,Hà Nội,No
96,97,13/10/2023,CUST097,Female,51,Beauty,Perfume,2.0,500.0,1000,Mall,Hà Nội,No
97,98,23/4/2023,CUST098,Female,55,Beauty,Lipstick,2.0,50.0,100,Online,Đà Nẵng,No
98,99,17/12/2023,CUST099,Female,50,Electronics,Smartphone,4.0,300.0,1200,Online,Hồ Chí Minh,No
99,100,16/6/2023,CUST100,Male,41,Electronics,Headphones,1.0,30.0,30,Mall,Cần Thơ,No
100,101,29/1/2023,CUST101,Male,32,Clothing,Jacket,2.0,300.0,600,Online,Hồ Chí Minh,No
101,102,28/4/2023,CUST102,Female,47,Beauty,Lipstick,2.0,25.0,50,Mall,Hà Nội,No
102,103,17/1/2023,CUST103,Female,59,Clothing,Jacket,1.0,25.0,25,Online,Hồ Chí Minh,No
103,104,11/6/2023,CUST104,Female,34,Beauty,Face Cream,2.0,500.0,1000,Online,Hà Nội,No
104,105,25/7/2023,CUST105,Female,22,Electronics,Smartphone,1.0,500.0,500,Online,Cần Thơ,No
105,106,18/5/2023,CUST106,Female,46,Clothing,Jacket,1.0,50.0,50,Online,Hồ Chí Minh,No
106,107,3/2/2023,CUST107,Female,21,Clothing,Jacket,4.0,300.0,1200,Online,Hà Nội,No
107,108,19/4/2023,CUST108,Female,27,Beauty,Perfume,3.0,25.0,75,Mall,Đà Nẵng,No
108,109,18/10/2023,CUST109,Female,34,Electronics,Smartphone,4.0,500.0,2000,Mall,Hồ Chí Minh,No
109,110,11/6/2023,CUST110,Male,27,Clothing,Jacket,3.0,300.0,900,Online,Hồ Chí Minh,No
110,111,19/4/2023,CUST111,Female,34,Electronics,Laptop,3.0,500.0,1500,Online,Hồ Chí Minh,No
111,112,2/12/2023,CUST112,Male,37,Clothing,Jacket,3.0,500.0,1500,Online,Hồ Chí Minh,No
112,113,13/9/2023,CUST113,Female,41,Electronics,Headphones,2.0,25.0,50,Mall,Hà Nội,No
113,114,22/7/2023,CUST114,Female,22,Beauty,Perfume,4.0,25.0,100,Mall,Hồ Chí Minh,No
114,115,26/11/2023,CUST115,Male,51,Clothing,Jeans,3.0,500.0,1500,Online,Hồ Chí Minh,No
115,116,23/8/2023,CUST116,Female,23,Clothing,Jeans,1.0,30.0,30,Mall,Cần Thơ,No
116,117,15/3/2023,CUST117,Male,19,Electronics,Smartphone,2.0,500.0,1000,Online,Hồ Chí Minh,No
117,118,16/5/2023,CUST118,Female,30,Electronics,Laptop,4.0,500.0,2000,Online,Hồ Chí Minh,No
118,119,13/3/2023,CUST119,Female,60,Clothing,Jacket,3.0,50.0,150,Online,Hồ Chí Minh,No
119,120,7/5/2023,CUST120,Male,60,Beauty,Perfume,1.0,50.0,50,Mall,Hà Nội,No
120,121,15/10/2023,CUST121,Female,28,Electronics,Smartphone,4.0,50.0,200,Online,Hà Nội,No
121,122,3/10/2023,CUST122,Male,64,Electronics,Smartphone,4.0,30.0,120,Online,Hồ Chí Minh,No
122,123,15/5/2023,CUST123,Female,40,Electronics,Smartphone,2.0,30.0,60,Mall,Hồ Chí Minh,No
123,124,27/10/2023,CUST124,Male,33,Clothing,T-Shirt,4.0,500.0,2000,Mall,Hồ Chí Minh,No
124,125,8/8/2023,CUST125,Male,48,Clothing,Jacket,2.0,50.0,100,Mall,Cần Thơ,No
125,126,26/10/2023,CUST126,Female,28,Clothing,T-Shirt,3.0,30.0,90,Online,Hà Nội,No
126,127,24/7/2023,CUST127,Female,33,Clothing,Jacket,2.0,25.0,50,Mall,Hà Nội,No
127,128,5/7/2023,CUST128,Male,25,Beauty,Lipstick,1.0,500.0,500,Mall,Hồ Chí Minh,No
128,129,23/4/2023,CUST129,Female,21,Beauty,Perfume,2.0,300.0,600,Mall,Hà Nội,No
129,130,12/3/2023,CUST130,Female,57,Clothing,T-Shirt,1.0,500.0,500,Online,Hồ Chí Minh,No
130,131,18/9/2023,CUST131,Female,21,Beauty,Perfume,2.0,300.0,600,Mall,Hồ Chí Minh,No
131,132,10/9/2023,CUST132,Male,42,Electronics,Smartphone,4.0,50.0,200,Online,Đà Nẵng,No
132,133,16/2/2023,CUST133,Male,20,Electronics,Laptop,3.0,300.0,900,Online,Hà Nội,No
133,134,25/1/2023,CUST134,Male,49,Electronics,Smartphone,1.0,50.0,50,Mall,Hà Nội,No
134,135,26/2/2023,CUST135,Male,20,Clothing,T-Shirt,2.0,25.0,50,Online,Hà Nội,No
135,136,20/3/2023,CUST136,Male,44,Electronics,Headphones,2.0,300.0,600,Mall,Cần Thơ,No
136,137,18/11/2023,CUST137,Male,46,Beauty,Face Cream,2.0,500.0,1000,Online,Hồ Chí Minh,No
137,138,23/3/2023,CUST138,Male,49,Clothing,Jeans,4.0,50.0,200,Online,Cần Thơ,No
138,139,15/12/2023,CUST139,Male,36,Beauty,Lipstick,4.0,500.0,2000,Mall,Hà Nội,No
139,140,5/8/2023,CUST140,Male,38,Electronics,Laptop,1.0,30.0,30,Online,Đà Nẵng,No
140,141,2/11/2023,CUST141,Female,22,Electronics,Headphones,1.0,50.0,50,Online,Hồ Chí Minh,No
141,142,2/2/2023,CUST142,Male,35,Electronics,Headphones,4.0,300.0,1200,Mall,Hồ Chí Minh,No
142,143,17/7/2023,CUST143,Female,45,Clothing,T-Shirt,1.0,50.0,50,Mall,Đà Nẵng,No
143,144,15/7/2023,CUST144,Female,59,Beauty,Perfume,3.0,500.0,1500,Mall,Hồ Chí Minh,No
144,145,2/11/2023,CUST145,Female,39,Clothing,Jeans,3.0,25.0,75,Online,Hồ Chí Minh,No
145,146,28/8/2023,CUST146,Male,38,Clothing,T-Shirt,4.0,50.0,200,Mall,Cần Thơ,No
146,147,28/9/2023,CUST147,Male,23,Electronics,Smartphone,1.0,300.0,300,Online,Hồ Chí Minh,No
147,148,9/5/2023,CUST148,Male,18,Clothing,Jeans,2.0,30.0,60,Online,Hồ Chí Minh,No
148,149,11/10/2023,CUST149,Male,22,Clothing,T-Shirt,3.0,25.0,75,Mall,Hồ Chí Minh,No
149,150,6/1/2023,CUST150,Female,58,Electronics,Laptop,4.0,30.0,120,Online,Hà Nội,No
150,151,15/12/2023,CUST151,Male,29,Clothing,T-Shirt,1.0,50.0,50,Online,Đà Nẵng,No
151,152,28/2/2023,CUST152,Male,43,Electronics,Headphones,4.0,500.0,2000,Mall,Hồ Chí Minh,No
152,153,16/12/2023,CUST153,Male,63,Electronics,Smartphone,2.0,500.0,1000,Online,Cần Thơ,No
153,154,2/10/2023,CUST154,Male,51,Electronics,Headphones,3.0,300.0,900,Online,Hồ Chí Minh,No
154,155,17/5/2023,CUST155,Male,31,Electronics,Smartphone,4.0,500.0,2000,Online,Cần Thơ,No
155,156,25/11/2023,CUST156,Female,43,Clothing,Jacket,4.0,25.0,100,Online,Hà Nội,No
156,157,24/6/2023,CUST157,Male,62,Electronics,Headphones,4.0,500.0,2000,Mall,Hồ Chí Minh,No
157,158,27/2/2023,CUST158,Female,44,Electronics,Laptop,2.0,300.0,600,Online,Hà Nội,No
158,159,31/5/2023,CUST159,Male,26,Clothing,Jeans,4.0,50.0,200,Mall,Đà Nẵng,No
159,160,11/8/2023,CUST160,Female,43,Clothing,Jacket,2.0,50.0,100,Mall,Hồ Chí Minh,No
160,161,22/3/2023,CUST161,Male,64,Beauty,Lipstick,2.0,500.0,1000,Mall,Hồ Chí Minh,No
161,162,21/8/2023,CUST162,Male,39,Clothing,Jacket,2.0,30.0,60,Online,Cần Thơ,No
162,163,2/1/2023,CUST163,Female,64,Clothing,Jeans,3.0,50.0,150,Online,Hồ Chí Minh,No
163,164,15/5/2023,CUST164,Female,47,Beauty,Face Cream,3.0,500.0,1500,Mall,Hà Nội,No
164,165,14/9/2023,CUST165,Female,60,Clothing,Jeans,4.0,300.0,1200,Online,Hồ Chí Minh,No
165,166,2/4/2023,CUST166,Male,34,Clothing,Jeans,4.0,500.0,2000,Online,Hà Nội,No
166,167,17/9/2023,CUST167,Female,43,Clothing,Jeans,3.0,50.0,150,Mall,Cần Thơ,No
167,168,24/2/2023,CUST168,Male,53,Clothing,Jacket,1.0,300.0,300,Online,Hồ Chí Minh,No
168,169,17/11/2023,CUST169,Male,18,Beauty,Perfume,3.0,500.0,1500,Online,Đà Nẵng,No
169,170,2/6/2023,CUST170,Female,25,Clothing,Jacket,2.0,25.0,50,Mall,Cần Thơ,No
170,171,24/11/2023,CUST171,Female,52,Clothing,Jeans,3.0,300.0,900,Mall,Hồ Chí Minh,No
171,172,17/9/2023,CUST172,Male,32,Beauty,Lipstick,2.0,25.0,50,Mall,Đà Nẵng,No
172,173,8/11/2023,CUST173,Male,64,Electronics,Headphones,4.0,30.0,120,Online,Hà Nội,No
173,174,12/4/2023,CUST174,Female,39,Beauty,Face Cream,1.0,300.0,300,Online,Cần Thơ,No
174,175,20/3/2023,CUST175,Female,31,Electronics,Smartphone,4.0,25.0,100,Mall,Hà Nội,No
175,176,11/7/2023,CUST176,Female,43,Beauty,Perfume,2.0,50.0,100,Mall,Đà Nẵng,No
176,177,24/3/2023,CUST177,Male,45,Beauty,Lipstick,2.0,50.0,100,Mall,Đà Nẵng,No
177,178,4/10/2023,CUST178,Male,40,Clothing,T-Shirt,2.0,30.0,60,Mall,Đà Nẵng,No
178,179,29/9/2023,CUST179,Male,31,Electronics,Headphones,1.0,300.0,300,Online,Đà Nẵng,No
179,180,1/1/2023,CUST180,Male,41,Clothing,Jeans,3.0,300.0,900,Online,Hà Nội,No
180,181,3/11/2023,CUST181,Male,19,Electronics,Headphones,4.0,300.0,1200,Mall,Hồ Chí Minh,No
181,182,15/6/2023,CUST182,Male,62,Beauty,Lipstick,4.0,30.0,120,Online,Hà Nội,No
182,183,8/9/2023,CUST183,Female,43,Beauty,Lipstick,3.0,300.0,900,Mall,Đà Nẵng,No
183,184,10/1/2023,CUST184,Male,31,Electronics,Laptop,4.0,50.0,200,Online,Cần Thơ,No
184,185,27/2/2023,CUST185,Male,24,Clothing,T-Shirt,1.0,25.0,25,Mall,Đà Nẵng,No
185,186,5/7/2023,CUST186,Male,20,Clothing,Jacket,4.0,50.0,200,Mall,Đà Nẵng,No
186,187,7/6/2023,CUST187,Female,64,Clothing,T-Shirt,2.0,50.0,100,Online,Hồ Chí Minh,No
187,188,3/5/2023,CUST188,Male,40,Clothing,T-Shirt,3.0,25.0,75,Online,Cần Thơ,No
188,189,30/1/2023,CUST189,Male,63,Beauty,Face Cream,1.0,50.0,50,Mall,Đà Nẵng,No
189,190,4/5/2023,CUST190,Female,60,Beauty,Lipstick,3.0,30.0,90,Mall,Hà Nội,No
190,191,18/10/2023,CUST191,Male,64,Beauty,Face Cream,1.0,25.0,25,Online,Hồ Chí Minh,No
191,192,10/2/2023,CUST192,Male,62,Beauty,Face Cream,2.0,50.0,100,Online,Hồ Chí Minh,No
192,193,13/2/2023,CUST193,Male,35,Beauty,Face Cream,3.0,500.0,1500,Online,Cần Thơ,No
193,194,6/9/2023,CUST194,Male,55,Clothing,T-Shirt,4.0,50.0,200,Online,Đà Nẵng,No
194,195,5/2/2023,CUST195,Male,52,Clothing,Jeans,1.0,30.0,30,Online,Hồ Chí Minh,No
195,196,30/9/2023,CUST196,Female,32,Clothing,T-Shirt,3.0,300.0,900,Mall,Cần Thơ,No
196,197,6/3/2023,CUST197,Female,42,Clothing,Jacket,4.0,50.0,200,Mall,Hà Nội,No
197,198,7/3/2023,CUST198,Female,54,Beauty,Perfume,3.0,300.0,900,Online,Đà Nẵng,No
198,199,4/12/2023,CUST199,Male,45,Beauty,Face Cream,3.0,500.0,1500,Mall,Đà Nẵng,No
199,200,1/9/2023,CUST200,Male,27,Beauty,Perfume,3.0,50.0,150,Mall,Hà Nội,No
200,201,9/10/2023,CUST201,Male,56,Electronics,Laptop,1.0,25.0,25,Mall,Hồ Chí Minh,No
201,202,26/3/2023,CUST202,Female,34,Clothing,T-Shirt,4.0,300.0,1200,Online,Hà Nội,No
202,203,16/5/2023,CUST203,Male,56,Clothing,T-Shirt,2.0,500.0,1000,Online,Cần Thơ,No
203,204,28/9/2023,CUST204,Male,39,Beauty,Lipstick,1.0,25.0,25,Mall,Đà Nẵng,No
204,205,7/11/2023,CUST205,Female,43,Clothing,Jacket,1.0,25.0,25,Mall,Hồ Chí Minh,No
205,206,5/8/2023,CUST206,Male,61,Clothing,T-Shirt,1.0,25.0,25,Online,Hồ Chí Minh,No
206,207,19/4/2023,CUST207,Female,42,Beauty,Lipstick,2.0,25.0,50,Online,Hà Nội,No
207,208,4/10/2023,CUST208,Female,34,Electronics,Laptop,4.0,50.0,200,Mall,Hồ Chí Minh,No
208,209,20/12/2023,CUST209,Female,30,Electronics,Smartphone,4.0,50.0,200,Online,Đà Nẵng,No
209,210,13/4/2023,CUST210,Male,37,Electronics,Smartphone,4.0,50.0,200,Mall,Hồ Chí Minh,No
210,211,1/1/2024,CUST211,Male,42,Beauty,Lipstick,3.0,500.0,1500,Mall,Hồ Chí Minh,No
211,212,9/6/2023,CUST212,Male,21,Clothing,Jacket,3.0,500.0,1500,Online,Đà Nẵng,No
212,213,24/7/2023,CUST213,Male,27,Beauty,Perfume,3.0,500.0,1500,Online,Đà Nẵng,No
213,214,10/12/2023,CUST214,Male,20,Beauty,Face Cream,2.0,30.0,60,Mall,Hà Nội,No
214,215,29/11/2023,CUST215,Male,58,Clothing,T-Shirt,3.0,500.0,1500,Online,Cần Thơ,No
215,216,11/7/2023,CUST216,Male,62,Electronics,Smartphone,2.0,50.0,100,Mall,Hà Nội,No
216,217,13/8/2023,CUST217,Female,35,Electronics,Headphones,4.0,50.0,200,Mall,Hà Nội,No
217,218,22/9/2023,CUST218,Male,64,Beauty,Perfume,3.0,30.0,90,Mall,Đà Nẵng,No
218,219,20/8/2023,CUST219,Female,53,Electronics,Headphones,3.0,30.0,90,Mall,Hà Nội,No
219,220,3/3/2023,CUST220,Male,64,Beauty,Lipstick,1.0,500.0,500,Mall,Hà Nội,No
220,221,7/5/2023,CUST221,Male,39,Beauty,Lipstick,2.0,300.0,600,Mall,Cần Thơ,No
221,222,26/4/2023,CUST222,Male,51,Clothing,T-Shirt,4.0,30.0,120,Mall,Hồ Chí Minh,No
222,223,2/2/2023,CUST223,Female,64,Clothing,Jacket,1.0,25.0,25,Mall,Đà Nẵng,No
223,224,23/6/2023,CUST224,Female,25,Clothing,T-Shirt,1.0,50.0,50,Online,Hồ Chí Minh,No
224,225,11/1/2023,CUST225,Female,57,Beauty,Lipstick,4.0,25.0,100,Online,Hồ Chí Minh,No
225,226,29/10/2023,CUST226,Female,61,Clothing,T-Shirt,1.0,50.0,50,Mall,Đà Nẵng,No
226,227,11/10/2023,CUST227,Male,36,Electronics,Laptop,2.0,50.0,100,Mall,Hồ Chí Minh,No
227,228,28/4/2023,CUST228,Female,59,Electronics,Headphones,2.0,30.0,60,Online,Hà Nội,No
228,229,29/10/2023,CUST229,Male,58,Beauty,Face Cream,3.0,30.0,90,Online,Hà Nội,No
229,230,23/4/2023,CUST230,Male,54,Beauty,Face Cream,1.0,25.0,25,Online,Hồ Chí Minh,No
230,231,4/1/2023,CUST231,Female,23,Clothing,Jacket,3.0,50.0,150,Online,Hồ Chí Minh,No
231,232,6/2/2023,CUST232,Female,43,Beauty,Perfume,1.0,25.0,25,Online,Hà Nội,No
232,233,29/12/2023,CUST233,Female,51,Beauty,Lipstick,2.0,300.0,600,Online,Hà Nội,No
233,234,20/11/2023,CUST234,Female,62,Electronics,Headphones,2.0,25.0,50,Mall,Hà Nội,No
234,235,31/1/2023,CUST235,Female,23,Electronics,Smartphone,2.0,500.0,1000,Online,Hồ Chí Minh,No
235,236,28/4/2023,CUST236,Female,54,Clothing,Jacket,1.0,25.0,25,Online,Đà Nẵng,No
236,237,4/2/2023,CUST237,Female,50,Beauty,Face Cream,2.0,500.0,1000,Mall,Hà Nội,No
237,238,17/1/2023,CUST238,Female,39,Beauty,Face Cream,1.0,500.0,500,Online,Đà Nẵng,No
238,239,19/6/2023,CUST239,Male,38,Electronics,Headphones,3.0,500.0,1500,Mall,Hồ Chí Minh,No
239,240,6/2/2023,CUST240,Female,23,Beauty,Perfume,1.0,300.0,300,Mall,Hồ Chí Minh,No
240,241,21/9/2023,CUST241,Female,23,Electronics,Laptop,3.0,25.0,75,Online,Hà Nội,No
241,242,2/5/2023,CUST242,Male,21,Clothing,Jacket,1.0,25.0,25,Online,Cần Thơ,No
242,243,23/5/2023,CUST243,Female,47,Electronics,Headphones,3.0,300.0,900,Mall,Hà Nội,No
243,244,9/12/2023,CUST244,Male,28,Beauty,Face Cream,2.0,50.0,100,Online,Hồ Chí Minh,No
244,245,6/9/2023,CUST245,Male,47,Clothing,T-Shirt,3.0,30.0,90,Mall,Hồ Chí Minh,No
245,246,20/4/2023,CUST246,Female,48,Electronics,Smartphone,2.0,25.0,50,Online,Hồ Chí Minh,No
246,247,4/10/2023,CUST247,Male,41,Electronics,Smartphone,2.0,30.0,60,Online,Đà Nẵng,No
247,248,9/3/2023,CUST248,Male,26,Clothing,Jacket,3.0,300.0,900,Mall,Hồ Chí Minh,No
248,249,20/10/2023,CUST249,Male,20,Clothing,Jacket,1.0,50.0,50,Online,Hồ Chí Minh,No
249,250,23/10/2023,CUST250,Male,48,Electronics,Laptop,1.0,50.0,50,Online,Cần Thơ,No
250,251,31/8/2023,CUST251,Female,57,Beauty,Face Cream,4.0,50.0,200,Mall,Hồ Chí Minh,No
251,252,5/5/2023,CUST252,Male,54,Electronics,Smartphone,1.0,300.0,300,Mall,Hà Nội,No
252,253,31/8/2023,CUST253,Female,53,Clothing,Jeans,4.0,500.0,2000,Online,Cần Thơ,No
253,254,28/7/2023,CUST254,Male,41,Electronics,Smartphone,1.0,500.0,500,Online,Hà Nội,No
254,255,8/4/2023,CUST255,Male,48,Clothing,T-Shirt,1.0,30.0,30,Mall,Hồ Chí Minh,No
255,256,18/2/2023,CUST256,Male,23,Clothing,Jeans,2.0,500.0,1000,Online,Hà Nội,No
256,257,19/2/2023,CUST257,Male,19,Beauty,Lipstick,4.0,500.0,2000,Online,Hồ Chí Minh,No
257,258,4/12/2023,CUST258,Female,37,Clothing,T-Shirt,1.0,50.0,50,Mall,Hồ Chí Minh,No
258,259,9/8/2023,CUST259,Female,45,Clothing,Jeans,4.0,50.0,200,Online,Cần Thơ,No
259,260,1/7/2023,CUST260,Male,28,Beauty,Face Cream,2.0,30.0,60,Mall,Đà Nẵng,No
260,261,5/8/2023,CUST261,Male,21,Clothing,Jeans,2.0,25.0,50,Mall,Hà Nội,No
261,262,30/7/2023,CUST262,Female,32,Beauty,Face Cream,4.0,30.0,120,Mall,Hồ Chí Minh,No
262,263,28/8/2023,CUST263,Male,23,Beauty,Lipstick,2.0,30.0,60,Online,Hồ Chí Minh,No
263,264,28/1/2023,CUST264,Male,47,Clothing,Jacket,3.0,300.0,900,Online,Đà Nẵng,No
264,265,11/12/2023,CUST265,Male,55,Clothing,Jeans,3.0,300.0,900,Online,Đà Nẵng,No
265,266,1/12/2023,CUST266,Female,19,Electronics,Headphones,2.0,30.0,60,Mall,Hồ Chí Minh,No
266,267,27/11/2023,CUST267,Female,32,Beauty,Lipstick,3.0,30.0,90,Mall,Đà Nẵng,No
267,268,20/2/2023,CUST268,Female,28,Electronics,Smartphone,1.0,30.0,30,Online,Hà Nội,No
268,269,1/2/2023,CUST269,Male,25,Clothing,Jeans,4.0,500.0,2000,Online,Hà Nội,No
269,270,26/7/2023,CUST270,Male,43,Electronics,Laptop,1.0,300.0,300,Mall,Hồ Chí Minh,No
270,271,23/6/2023,CUST271,Female,62,Beauty,Face Cream,4.0,30.0,120,Online,Đà Nẵng,No
271,272,25/2/2023,CUST272,Female,61,Electronics,Headphones,2.0,50.0,100,Mall,Hồ Chí Minh,No
272,273,8/5/2023,CUST273,Female,22,Beauty,Perfume,1.0,50.0,50,Online,Hồ Chí Minh,No
273,274,9/4/2023,CUST274,Female,23,Clothing,Jeans,2.0,500.0,1000,Mall,Hồ Chí Minh,No
274,275,8/4/2023,CUST275,Male,43,Clothing,T-Shirt,2.0,500.0,1000,Mall,Hồ Chí Minh,No
275,276,2/10/2023,CUST276,Female,21,Beauty,Perfume,4.0,25.0,100,Online,Cần Thơ,No
276,277,18/8/2023,CUST277,Male,36,Clothing,Jeans,4.0,25.0,100,Mall,Hồ Chí Minh,No
277,278,13/3/2023,CUST278,Female,37,Clothing,Jacket,4.0,25.0,100,Online,Cần Thơ,No
278,279,5/8/2023,CUST279,Male,50,Clothing,Jeans,1.0,500.0,500,Online,Hồ Chí Minh,No
279,280,4/4/2023,CUST280,Female,37,Clothing,T-Shirt,3.0,500.0,1500,Mall,Đà Nẵng,No
280,281,23/5/2023,CUST281,Female,29,Beauty,Face Cream,4.0,500.0,2000,Mall,Hà Nội,No
281,282,25/8/2023,CUST282,Female,64,Electronics,Smartphone,4.0,50.0,200,Mall,Hà Nội,No
282,283,8/5/2023,CUST283,Female,18,Electronics,Smartphone,1.0,500.0,500,Mall,Hồ Chí Minh,No
283,284,8/2/2023,CUST284,Male,43,Clothing,Jacket,4.0,50.0,200,Mall,Hồ Chí Minh,No
284,285,15/8/2023,CUST285,Female,31,Electronics,Smartphone,1.0,25.0,25,Mall,Hà Nội,No
285,286,9/10/2023,CUST286,Male,55,Electronics,Smartphone,2.0,25.0,50,Mall,Hồ Chí Minh,No
286,287,20/2/2023,CUST287,Male,54,Clothing,Jacket,4.0,25.0,100,Online,Hồ Chí Minh,No
287,288,26/1/2023,CUST288,Male,28,Clothing,T-Shirt,4.0,30.0,120,Online,Hà Nội,No
288,289,30/11/2023,CUST289,Male,53,Electronics,Laptop,2.0,30.0,60,Mall,Đà Nẵng,No
289,290,4/10/2023,CUST290,Female,30,Beauty,Face Cream,2.0,300.0,600,Online,Đà Nẵng,No
290,291,8/1/2023,CUST291,Male,60,Clothing,T-Shirt,2.0,300.0,600,Mall,Hà Nội,No
291,292,17/2/2023,CUST292,Male,20,Beauty,Lipstick,4.0,300.0,1200,Online,Đà Nẵng,No
292,293,2/5/2023,CUST293,Male,50,Electronics,Headphones,3.0,30.0,90,Mall,Hà Nội,No
293,294,27/3/2023,CUST294,Female,23,Clothing,T-Shirt,3.0,30.0,90,Mall,Hà Nội,No
294,295,28/7/2023,CUST295,Female,27,Beauty,Perfume,3.0,300.0,900,Online,Hồ Chí Minh,No
295,296,6/9/2023,CUST296,Female,22,Clothing,Jacket,4.0,300.0,1200,Online,Hà Nội,No
296,297,4/9/2023,CUST297,Female,40,Electronics,Laptop,2.0,500.0,1000,Online,Hà Nội,No
297,298,20/4/2023,CUST298,Male,27,Beauty,Lipstick,4.0,300.0,1200,Online,Hà Nội,No
298,299,25/7/2023,CUST299,Male,61,Electronics,Laptop,2.0,500.0,1000,Mall,Đà Nẵng,No
299,300,31/1/2023,CUST300,Female,19,Electronics,Laptop,4.0,50.0,200,Mall,Đà Nẵng,No
300,301,26/3/2023,CUST301,Male,30,Clothing,Jacket,4.0,30.0,120,Mall,Hồ Chí Minh,No
301,302,14/7/2023,CUST302,Male,57,Beauty,Face Cream,2.0,300.0,600,Mall,Hà Nội,No
302,303,2/1/2023,CUST303,Male,19,Electronics,Headphones,3.0,30.0,90,Mall,Hồ Chí Minh,No
303,304,19/7/2023,CUST304,Female,37,Electronics,Laptop,2.0,30.0,60,Mall,Hà Nội,No
304,305,16/5/2023,CUST305,Female,18,Beauty,Lipstick,1.0,30.0,30,Mall,Hà Nội,No
305,306,21/8/2023,CUST306,Male,54,Electronics,Headphones,1.0,50.0,50,Online,Hồ Chí Minh,No
306,307,27/5/2023,CUST307,Female,26,Electronics,Smartphone,2.0,25.0,50,Mall,Hồ Chí Minh,No
307,308,5/8/2023,CUST308,Female,34,Beauty,Perfume,4.0,300.0,1200,Mall,Hồ Chí Minh,No
308,309,23/12/2023,CUST309,Female,26,Beauty,Face Cream,1.0,25.0,25,Mall,Hồ Chí Minh,No
309,310,12/10/2023,CUST310,Female,28,Beauty,Perfume,1.0,25.0,25,Online,Hồ Chí Minh,No
310,311,5/12/2023,CUST311,Female,32,Beauty,Lipstick,4.0,25.0,100,Online,Hồ Chí Minh,No
311,312,7/9/2023,CUST312,Male,41,Clothing,Jacket,4.0,30.0,120,Online,Cần Thơ,No
312,313,21/3/2023,CUST313,Female,55,Beauty,Perfume,3.0,500.0,1500,Online,Hà Nội,No
313,314,8/4/2023,CUST314,Male,52,Clothing,Jeans,4.0,30.0,120,Online,Đà Nẵng,No
314,315,1/6/2023,CUST315,Male,47,Clothing,Jacket,2.0,30.0,60,Mall,Hồ Chí Minh,No
315,316,22/4/2023,CUST316,Female,48,Clothing,Jeans,2.0,25.0,50,Mall,Hà Nội,No
316,317,30/1/2023,CUST317,Male,22,Electronics,Smartphone,3.0,30.0,90,Online,Hà Nội,No
317,318,24/10/2023,CUST318,Male,61,Clothing,Jacket,1.0,25.0,25,Mall,Đà Nẵng,No
318,319,5/10/2023,CUST319,Male,31,Clothing,Jacket,1.0,500.0,500,Online,Cần Thơ,No
319,320,1/2/2023,CUST320,Female,28,Electronics,Headphones,4.0,300.0,1200,Online,Hồ Chí Minh,No
320,321,10/6/2023,CUST321,Female,26,Electronics,Laptop,2.0,25.0,50,Online,Hồ Chí Minh,No
321,322,30/1/2023,CUST322,Male,51,Electronics,Smartphone,1.0,500.0,500,Mall,Hồ Chí Minh,No
322,323,26/1/2023,CUST323,Female,29,Beauty,Face Cream,3.0,300.0,900,Online,Đà Nẵng,No
323,324,27/10/2023,CUST324,Female,52,Electronics,Headphones,3.0,50.0,150,Online,Đà Nẵng,No
324,325,2/9/2023,CUST325,Female,52,Electronics,Laptop,2.0,25.0,50,Mall,Hồ Chí Minh,No
325,326,15/9/2023,CUST326,Female,18,Clothing,T-Shirt,3.0,25.0,75,Online,Hà Nội,No
326,327,29/9/2023,CUST327,Male,57,Electronics,Smartphone,3.0,50.0,150,Mall,Hồ Chí Minh,No
327,328,22/3/2023,CUST328,Male,39,Beauty,Face Cream,2.0,50.0,100,Online,Cần Thơ,No
328,329,30/1/2023,CUST329,Female,46,Electronics,Laptop,4.0,25.0,100,Mall,Đà Nẵng,No
329,330,18/9/2023,CUST330,Female,25,Beauty,Perfume,4.0,50.0,200,Mall,Hồ Chí Minh,No
330,331,11/2/2023,CUST331,Male,28,Electronics,Laptop,3.0,30.0,90,Mall,Đà Nẵng,No
331,332,6/4/2023,CUST332,Male,58,Electronics,Smartphone,4.0,300.0,1200,Mall,Hồ Chí Minh,No
332,333,5/2/2023,CUST333,Female,54,Electronics,Laptop,4.0,300.0,1200,Mall,Hồ Chí Minh,No
333,334,1/11/2023,CUST334,Male,31,Electronics,Laptop,3.0,300.0,900,Online,Cần Thơ,No
334,335,4/2/2023,CUST335,Female,47,Beauty,Face Cream,4.0,30.0,120,Mall,Cần Thơ,No
335,336,12/12/2023,CUST336,Female,52,Beauty,Lipstick,3.0,50.0,150,Mall,Hồ Chí Minh,No
336,337,1/5/2023,CUST337,Male,38,Clothing,Jacket,1.0,500.0,500,Online,Hồ Chí Minh,No
337,338,26/7/2023,CUST338,Male,54,Beauty,Lipstick,2.0,50.0,100,Mall,Hà Nội,No
338,339,3/3/2023,CUST339,Female,22,Electronics,Smartphone,2.0,25.0,50,Online,Hồ Chí Minh,No
339,340,19/10/2023,CUST340,Female,36,Clothing,Jacket,4.0,300.0,1200,Online,Hồ Chí Minh,No
340,341,7/5/2023,CUST341,Male,31,Clothing,T-Shirt,4.0,50.0,200,Online,Đà Nẵng,No
341,342,24/10/2023,CUST342,Female,43,Clothing,Jeans,4.0,500.0,2000,Online,Đà Nẵng,No
342,343,1/11/2023,CUST343,Male,21,Electronics,Smartphone,2.0,25.0,50,Online,Hà Nội,No
343,344,21/1/2023,CUST344,Female,42,Beauty,Face Cream,1.0,30.0,30,Online,Hà Nội,No
344,345,14/11/2023,CUST345,Male,62,Electronics,Smartphone,1.0,30.0,30,Mall,Hồ Chí Minh,No
345,346,11/2/2023,CUST346,Male,59,Clothing,Jacket,2.0,500.0,1000,Mall,Đà Nẵng,No
346,347,3/8/2023,CUST347,Male,42,Electronics,Smartphone,1.0,25.0,25,Online,Hà Nội,No
347,348,3/12/2023,CUST348,Female,35,Electronics,Laptop,2.0,300.0,600,Online,Hồ Chí Minh,No
348,349,26/10/2023,CUST349,Female,57,Beauty,Perfume,1.0,50.0,50,Mall,Hồ Chí Minh,No
349,350,17/10/2023,CUST350,Male,25,Beauty,Perfume,3.0,25.0,75,Online,Hồ Chí Minh,No
350,351,25/9/2023,CUST351,Female,56,Clothing,T-Shirt,3.0,30.0,90,Mall,Hà Nội,No
351,352,11/6/2023,CUST352,Male,57,Electronics,Smartphone,2.0,500.0,1000,Mall,Cần Thơ,No
352,353,14/5/2023,CUST353,Male,31,Electronics,Smartphone,1.0,500.0,500,Online,Cần Thơ,No
353,354,15/4/2023,CUST354,Female,49,Beauty,Face Cream,4.0,50.0,200,Mall,Cần Thơ,No
354,355,9/12/2023,CUST355,Female,55,Electronics,Smartphone,1.0,500.0,500,Online,Hồ Chí Minh,No
355,356,10/6/2023,CUST356,Male,50,Electronics,Smartphone,3.0,500.0,1500,Mall,Hồ Chí Minh,No
356,357,3/5/2023,CUST357,Female,40,Electronics,Laptop,3.0,25.0,75,Online,Hà Nội,No
357,358,16/5/2023,CUST358,Female,32,Beauty,Face Cream,1.0,300.0,300,Mall,Hồ Chí Minh,No
358,359,22/7/2023,CUST359,Male,50,Clothing,T-Shirt,1.0,50.0,50,Mall,Hồ Chí Minh,No
359,360,9/3/2023,CUST360,Male,42,Clothing,Jacket,4.0,25.0,100,Mall,Hà Nội,No
360,361,10/12/2023,CUST361,Female,34,Electronics,Smartphone,4.0,300.0,1200,Online,Hồ Chí Minh,No
361,362,27/11/2023,CUST362,Male,50,Clothing,Jeans,1.0,25.0,25,Mall,Hà Nội,No
362,363,3/6/2023,CUST363,Male,64,Beauty,Face Cream,1.0,25.0,25,Online,Đà Nẵng,No
363,364,23/8/2023,CUST364,Female,19,Beauty,Lipstick,1.0,500.0,500,Mall,Hà Nội,No
364,365,11/6/2023,CUST365,Male,31,Clothing,Jacket,1.0,300.0,300,Online,Hà Nội,No
365,366,7/2/2023,CUST366,Male,57,Clothing,Jacket,2.0,50.0,100,Mall,Hà Nội,No
366,367,5/1/2023,CUST367,Female,57,Electronics,Headphones,1.0,50.0,50,Mall,Hồ Chí Minh,No
367,368,23/8/2023,CUST368,Female,56,Clothing,Jacket,4.0,300.0,1200,Mall,Hồ Chí Minh,No
368,369,15/11/2023,CUST369,Male,23,Electronics,Laptop,3.0,500.0,1500,Mall,Hà Nội,No
369,370,16/10/2023,CUST370,Male,23,Electronics,Smartphone,2.0,30.0,60,Mall,Hồ Chí Minh,No
370,371,21/2/2023,CUST371,Female,20,Beauty,Lipstick,1.0,25.0,25,Mall,Hà Nội,No
371,372,7/2/2023,CUST372,Female,24,Beauty,Face Cream,3.0,500.0,1500,Online,Hà Nội,No
372,373,3/10/2023,CUST373,Female,25,Beauty,Face Cream,2.0,300.0,600,Online,Đà Nẵng,No
373,374,20/4/2023,CUST374,Female,59,Beauty,Lipstick,3.0,25.0,75,Mall,Hà Nội,No
374,375,17/9/2023,CUST375,Male,32,Clothing,T-Shirt,1.0,50.0,50,Mall,Hồ Chí Minh,No
375,376,16/5/2023,CUST376,Female,64,Beauty,Perfume,1.0,30.0,30,Mall,Hà Nội,No
376,377,9/3/2023,CUST377,Female,46,Clothing,Jeans,4.0,50.0,200,Online,Hồ Chí Minh,No
377,378,28/6/2023,CUST378,Male,50,Beauty,Lipstick,1.0,300.0,300,Online,Hà Nội,No
378,379,5/2/2023,CUST379,Female,47,Clothing,Jacket,1.0,25.0,25,Mall,Đà Nẵng,No
379,380,6/5/2023,CUST380,Male,56,Electronics,Laptop,2.0,300.0,600,Online,Hồ Chí Minh,No
380,381,9/7/2023,CUST381,Female,44,Clothing,T-Shirt,4.0,25.0,100,Online,Hà Nội,No
381,382,26/5/2023,CUST382,Female,53,Clothing,T-Shirt,2.0,500.0,1000,Mall,Đà Nẵng,No
382,383,22/3/2023,CUST383,Female,46,Beauty,Lipstick,3.0,30.0,90,Mall,Cần Thơ,No
383,384,13/8/2023,CUST384,Male,55,Clothing,Jeans,1.0,500.0,500,Mall,Hồ Chí Minh,No
384,385,6/10/2023,CUST385,Male,50,Electronics,Smartphone,3.0,500.0,1500,Online,Hồ Chí Minh,No
385,386,27/12/2023,CUST386,Female,54,Electronics,Smartphone,2.0,300.0,600,Online,Cần Thơ,No
386,387,4/6/2023,CUST387,Male,44,Beauty,Face Cream,1.0,30.0,30,Mall,Đà Nẵng,No
387,388,10/11/2023,CUST388,Male,50,Electronics,Laptop,1.0,25.0,25,Online,Hồ Chí Minh,No
388,389,1/12/2023,CUST389,Male,21,Clothing,Jeans,2.0,25.0,50,Online,Hồ Chí Minh,No
389,390,28/9/2023,CUST390,Male,39,Electronics,Laptop,2.0,50.0,100,Online,Hà Nội,No
390,391,5/1/2023,CUST391,Male,19,Beauty,Lipstick,2.0,25.0,50,Online,Hà Nội,No
391,392,8/12/2023,CUST392,Male,27,Clothing,Jacket,2.0,300.0,600,Online,Hà Nội,No
392,393,11/10/2023,CUST393,Female,22,Beauty,Perfume,2.0,500.0,1000,Online,Hồ Chí Minh,No
393,394,3/6/2023,CUST394,Female,27,Clothing,Jacket,1.0,500.0,500,Mall,Hà Nội,No
394,395,6/12/2023,CUST395,Male,50,Electronics,Laptop,2.0,500.0,1000,Online,Hồ Chí Minh,No
395,396,23/2/2023,CUST396,Female,55,Beauty,Perfume,1.0,30.0,30,Mall,Hà Nội,No
396,397,10/3/2023,CUST397,Female,30,Beauty,Face Cream,1.0,25.0,25,Online,Đà Nẵng,No
397,398,16/5/2023,CUST398,Female,48,Clothing,Jacket,2.0,300.0,600,Online,Hà Nội,No
398,399,1/3/2023,CUST399,Female,64,Beauty,Lipstick,2.0,30.0,60,Online,Hà Nội,No
399,400,24/2/2023,CUST400,Male,53,Clothing,Jacket,4.0,50.0,200,Online,Đà Nẵng,No
400,401,11/10/2023,CUST401,Female,62,Clothing,Jacket,1.0,300.0,300,Online,Hồ Chí Minh,No
401,402,21/3/2023,CUST402,Female,41,Clothing,T-Shirt,2.0,300.0,600,Online,Hồ Chí Minh,No
402,403,20/5/2023,CUST403,Male,32,Clothing,T-Shirt,2.0,300.0,600,Online,Hà Nội,No
403,404,25/5/2023,CUST404,Male,46,Electronics,Laptop,2.0,500.0,1000,Online,Cần Thơ,No
404,405,6/11/2023,CUST405,Female,25,Clothing,Jeans,4.0,300.0,1200,Online,Hồ Chí Minh,No
405,406,18/4/2023,CUST406,Female,22,Beauty,Perfume,4.0,25.0,100,Online,Hồ Chí Minh,No
406,407,25/6/2023,CUST407,Female,46,Electronics,Headphones,3.0,300.0,900,Mall,Hồ Chí Minh,No
407,408,15/4/2023,CUST408,Female,64,Beauty,Lipstick,1.0,500.0,500,Online,Cần Thơ,No
408,409,18/12/2023,CUST409,Female,21,Electronics,Laptop,3.0,300.0,900,Mall,Hồ Chí Minh,No
409,410,21/11/2023,CUST410,Female,29,Clothing,T-Shirt,2.0,50.0,100,Mall,Hồ Chí Minh,No
410,411,16/5/2023,CUST411,Male,62,Electronics,Smartphone,4.0,50.0,200,Mall,Hà Nội,No
411,412,16/9/2023,CUST412,Female,19,Electronics,Laptop,4.0,500.0,2000,Mall,Hồ Chí Minh,No
412,413,8/9/2023,CUST413,Female,44,Beauty,Face Cream,3.0,25.0,75,Mall,Cần Thơ,No
413,414,9/5/2023,CUST414,Male,48,Beauty,Face Cream,4.0,25.0,100,Online,Hà Nội,No
414,415,27/1/2023,CUST415,Male,53,Clothing,T-Shirt,2.0,30.0,60,Online,Hà Nội,No
415,416,17/2/2023,CUST416,Male,53,Electronics,Smartphone,4.0,500.0,2000,Online,Hà Nội,No
416,417,21/11/2023,CUST417,Male,43,Electronics,Headphones,3.0,300.0,900,Online,Cần Thơ,No
417,418,5/8/2023,CUST418,Female,60,Electronics,Smartphone,2.0,500.0,1000,Mall,Hà Nội,No
418,419,22/5/2023,CUST419,Female,44,Clothing,Jeans,3.0,30.0,90,Mall,Hồ Chí Minh,No
419,420,23/1/2023,CUST420,Female,22,Clothing,Jacket,4.0,500.0,2000,Online,Hồ Chí Minh,No
420,421,2/1/2023,CUST421,Female,37,Clothing,Jeans,3.0,500.0,1500,Mall,Hà Nội,No
421,422,20/6/2023,CUST422,Female,28,Clothing,Jeans,3.0,30.0,90,Mall,Đà Nẵng,No
422,423,8/3/2023,CUST423,Female,27,Clothing,Jacket,1.0,25.0,25,Mall,Đà Nẵng,No
423,424,23/11/2023,CUST424,Male,57,Beauty,Lipstick,4.0,300.0,1200,Online,Đà Nẵng,No
424,425,15/5/2023,CUST425,Female,55,Electronics,Headphones,4.0,30.0,120,Mall,Đà Nẵng,No
425,426,24/3/2023,CUST426,Male,23,Electronics,Smartphone,3.0,50.0,150,Mall,Đà Nẵng,No
426,427,15/8/2023,CUST427,Male,25,Electronics,Headphones,1.0,25.0,25,Mall,Hồ Chí Minh,No
427,428,10/10/2023,CUST428,Female,40,Electronics,Smartphone,4.0,50.0,200,Online,Hồ Chí Minh,No
428,429,28/12/2023,CUST429,Male,64,Electronics,Smartphone,2.0,25.0,50,Online,Hà Nội,No
429,430,7/8/2023,CUST430,Female,43,Electronics,Headphones,3.0,300.0,900,Online,Hà Nội,No
430,431,15/10/2023,CUST431,Male,63,Electronics,Smartphone,4.0,300.0,1200,Online,Hà Nội,No
431,432,5/1/2023,CUST432,Female,60,Electronics,Laptop,2.0,500.0,1000,Online,Hồ Chí Minh,No
432,433,27/2/2023,CUST433,Male,29,Beauty,Face Cream,4.0,50.0,200,Mall,Hà Nội,No
433,434,8/2/2023,CUST434,Female,43,Electronics,Laptop,2.0,25.0,50,Online,Đà Nẵng,No
434,435,20/12/2023,CUST435,Female,30,Beauty,Perfume,3.0,300.0,900,Online,Hà Nội,No
435,436,18/3/2023,CUST436,Female,57,Clothing,Jacket,4.0,30.0,120,Mall,Hồ Chí Minh,No
436,437,7/10/2023,CUST437,Female,35,Electronics,Laptop,4.0,300.0,1200,Online,Cần Thơ,No
437,438,19/1/2023,CUST438,Female,42,Clothing,T-Shirt,1.0,30.0,30,Mall,Đà Nẵng,No
438,439,9/7/2023,CUST439,Male,50,Clothing,Jeans,3.0,25.0,75,Mall,Hà Nội,No
439,440,26/10/2023,CUST440,Male,64,Clothing,T-Shirt,2.0,300.0,600,Mall,Hà Nội,No
440,441,10/10/2023,CUST441,Male,57,Beauty,Perfume,4.0,300.0,1200,Mall,Hồ Chí Minh,No
441,442,17/3/2023,CUST442,Female,60,Clothing,T-Shirt,4.0,25.0,100,Mall,Hồ Chí Minh,No
442,443,9/8/2023,CUST443,Male,29,Clothing,Jeans,2.0,300.0,600,Mall,Hồ Chí Minh,No
443,444,7/3/2023,CUST444,Female,61,Clothing,Jeans,3.0,30.0,90,Mall,Hồ Chí Minh,No
444,445,22/1/2023,CUST445,Female,53,Electronics,Laptop,1.0,300.0,300,Online,Hồ Chí Minh,No
445,446,7/6/2023,CUST446,Male,21,Electronics,Laptop,1.0,50.0,50,Online,Đà Nẵng,No
446,447,6/7/2023,CUST447,Male,22,Beauty,Face Cream,4.0,500.0,2000,Mall,Hà Nội,No
447,448,21/1/2023,CUST448,Female,54,Beauty,Face Cream,2.0,30.0,60,Online,Hồ Chí Minh,No
448,449,3/7/2023,CUST449,Male,25,Electronics,Laptop,4.0,50.0,200,Online,Đà Nẵng,No
449,450,18/4/2023,CUST450,Female,59,Beauty,Face Cream,2.0,25.0,50,Online,Hà Nội,No
450,451,16/12/2023,CUST451,Female,45,Electronics,Headphones,1.0,30.0,30,Mall,Hồ Chí Minh,No
451,452,8/5/2023,CUST452,Female,48,Clothing,Jacket,3.0,500.0,1500,Online,Cần Thơ,No
452,453,8/12/2023,CUST453,Female,26,Clothing,Jacket,2.0,500.0,1000,Online,Đà Nẵng,No
453,454,22/2/2023,CUST454,Female,46,Beauty,Lipstick,1.0,25.0,25,Online,Hồ Chí Minh,No
454,455,1/7/2023,CUST455,Male,31,Electronics,Smartphone,4.0,25.0,100,Online,Hà Nội,No
455,456,14/10/2023,CUST456,Male,57,Electronics,Headphones,2.0,30.0,60,Mall,Hà Nội,No
456,457,28/7/2023,CUST457,Female,58,Beauty,Face Cream,3.0,300.0,900,Mall,Đà Nẵng,No
457,458,14/11/2023,CUST458,Female,39,Electronics,Laptop,4.0,25.0,100,Mall,Cần Thơ,No
458,459,21/3/2023,CUST459,Male,28,Clothing,Jeans,4.0,300.0,1200,Online,Hồ Chí Minh,No
459,460,2/5/2023,CUST460,Male,40,Beauty,Face Cream,1.0,50.0,50,Online,Hồ Chí Minh,No
460,461,25/3/2023,CUST461,Female,18,Beauty,Perfume,2.0,500.0,1000,Online,Hồ Chí Minh,No
461,462,1/4/2023,CUST462,Male,63,Electronics,Laptop,4.0,300.0,1200,Mall,Đà Nẵng,No
462,463,31/7/2023,CUST463,Female,54,Beauty,Lipstick,3.0,500.0,1500,Online,Hồ Chí Minh,No
463,464,13/1/2023,CUST464,Male,38,Electronics,Laptop,2.0,300.0,600,Mall,Hà Nội,No
464,465,2/4/2023,CUST465,Female,43,Electronics,Headphones,3.0,50.0,150,Mall,Đà Nẵng,No
465,466,20/6/2023,CUST466,Male,63,Electronics,Laptop,4.0,25.0,100,Online,Hà Nội,No
466,467,30/7/2023,CUST467,Female,53,Electronics,Smartphone,3.0,50.0,150,Mall,Hà Nội,No
467,468,9/12/2023,CUST468,Male,40,Electronics,Headphones,1.0,25.0,25,Online,Đà Nẵng,No
468,469,8/5/2023,CUST469,Male,18,Beauty,Lipstick,3.0,25.0,75,Mall,Hồ Chí Minh,No
469,470,17/5/2023,CUST470,Female,57,Clothing,Jacket,2.0,500.0,1000,Online,Hà Nội,No
470,471,23/3/2023,CUST471,Male,32,Clothing,Jeans,3.0,50.0,150,Online,Hồ Chí Minh,No
471,472,26/12/2023,CUST472,Female,38,Beauty,Face Cream,3.0,300.0,900,Online,Hồ Chí Minh,No
472,473,25/2/2023,CUST473,Male,64,Beauty,Lipstick,1.0,50.0,50,Mall,Hà Nội,No
473,474,15/7/2023,CUST474,Female,26,Clothing,Jeans,3.0,500.0,1500,Mall,Hồ Chí Minh,No
474,475,20/1/2023,CUST475,Male,26,Clothing,T-Shirt,3.0,25.0,75,Online,Hà Nội,No
475,476,29/8/2023,CUST476,Female,27,Clothing,T-Shirt,4.0,500.0,2000,Online,Hà Nội,No
476,477,24/4/2023,CUST477,Male,43,Clothing,Jeans,4.0,30.0,120,Online,Hồ Chí Minh,No
477,478,13/4/2023,CUST478,Female,58,Clothing,T-Shirt,2.0,30.0,60,Mall,Cần Thơ,No
478,479,24/8/2023,CUST479,Male,52,Electronics,Laptop,4.0,300.0,1200,Online,Hà Nội,No
479,480,29/6/2023,CUST480,Female,42,Beauty,Face Cream,4.0,500.0,2000,Mall,Hồ Chí Minh,No
480,481,6/6/2023,CUST481,Female,43,Electronics,Headphones,4.0,300.0,1200,Online,Đà Nẵng,No
481,482,27/4/2023,CUST482,Female,28,Clothing,T-Shirt,4.0,300.0,1200,Mall,Đà Nẵng,No
482,483,25/4/2023,CUST483,Male,55,Clothing,Jacket,1.0,30.0,30,Online,Đà Nẵng,No
483,484,13/1/2023,CUST484,Female,19,Clothing,Jacket,4.0,300.0,1200,Mall,Đà Nẵng,No
484,485,4/12/2023,CUST485,Male,24,Electronics,Smartphone,1.0,30.0,30,Online,Hà Nội,No
485,486,9/4/2023,CUST486,Female,35,Electronics,Smartphone,1.0,25.0,25,Mall,Hồ Chí Minh,No
486,487,24/7/2023,CUST487,Male,44,Clothing,Jeans,4.0,500.0,2000,Mall,Hồ Chí Minh,No
487,488,18/6/2023,CUST488,Female,51,Electronics,Headphones,3.0,300.0,900,Mall,Hà Nội,No
488,489,23/5/2023,CUST489,Male,44,Electronics,Headphones,1.0,30.0,30,Online,Hà Nội,No
489,490,5/2/2023,CUST490,Male,34,Clothing,Jeans,3.0,50.0,150,Mall,Cần Thơ,No
490,491,23/5/2023,CUST491,Female,60,Electronics,Laptop,3.0,300.0,900,Online,Hồ Chí Minh,No
491,492,29/6/2023,CUST492,Male,61,Beauty,Face Cream,4.0,25.0,100,Mall,Cần Thơ,No
492,493,25/11/2023,CUST493,Male,41,Beauty,Perfume,2.0,25.0,50,Online,Hồ Chí Minh,No
493,494,18/9/2023,CUST494,Female,42,Beauty,Face Cream,4.0,50.0,200,Mall,Hà Nội,No
494,495,24/7/2023,CUST495,Male,24,Beauty,Face Cream,2.0,30.0,60,Online,Hà Nội,No
495,496,14/12/2023,CUST496,Male,23,Clothing,T-Shirt,2.0,300.0,600,Mall,Cần Thơ,No
496,497,2/10/2023,CUST497,Male,41,Clothing,T-Shirt,4.0,30.0,120,Online,Hà Nội,No
497,498,19/6/2023,CUST498,Female,50,Clothing,Jacket,4.0,25.0,100,Mall,Hồ Chí Minh,No
498,499,15/1/2023,CUST499,Male,46,Beauty,Face Cream,2.0,30.0,60,Mall,Hà Nội,No
499,500,1/3/2023,CUST500,Female,60,Beauty,Perfume,4.0,25.0,100,Online,Hà Nội,No
500,501,14/5/2023,CUST501,Male,39,Electronics,Laptop,2.0,30.0,60,Online,Hồ Chí Minh,No
501,502,2/4/2023,CUST502,Male,43,Electronics,Smartphone,3.0,50.0,150,Online,Hồ Chí Minh,No
502,503,25/10/2023,CUST503,Male,45,Beauty,Face Cream,4.0,500.0,2000,Mall,Hồ Chí Minh,No
503,504,16/5/2023,CUST504,Female,38,Beauty,Face Cream,3.0,50.0,150,Mall,Hà Nội,No
504,505,20/1/2023,CUST505,Male,24,Beauty,Perfume,1.0,50.0,50,Mall,Hà Nội,No
505,506,25/2/2023,CUST506,Male,34,Beauty,Perfume,3.0,500.0,1500,Mall,Cần Thơ,No
506,507,2/11/2023,CUST507,Female,37,Electronics,Headphones,3.0,500.0,1500,Online,Hà Nội,No
507,508,11/8/2023,CUST508,Male,58,Beauty,Perfume,2.0,300.0,600,Online,Hồ Chí Minh,No
508,509,26/6/2023,CUST509,Female,37,Electronics,Smartphone,3.0,300.0,900,Mall,Đà Nẵng,No
509,510,10/6/2023,CUST510,Female,39,Beauty,Perfume,4.0,50.0,200,Online,Hồ Chí Minh,No
510,511,12/8/2023,CUST511,Male,45,Beauty,Perfume,2.0,50.0,100,Mall,Hà Nội,No
511,512,7/11/2023,CUST512,Female,57,Beauty,Face Cream,1.0,25.0,25,Mall,Hà Nội,No
512,513,19/9/2023,CUST513,Male,24,Electronics,Headphones,4.0,25.0,100,Mall,Hồ Chí Minh,No
513,514,1/3/2023,CUST514,Female,18,Electronics,Headphones,1.0,300.0,300,Mall,Hà Nội,No
514,515,17/7/2023,CUST515,Female,49,Clothing,Jacket,3.0,300.0,900,Mall,Hồ Chí Minh,No
515,516,23/10/2023,CUST516,Male,30,Beauty,Perfume,4.0,25.0,100,Mall,Hà Nội,No
516,517,8/4/2023,CUST517,Female,47,Clothing,Jacket,4.0,25.0,100,Online,Hồ Chí Minh,No
517,518,11/5/2023,CUST518,Female,40,Clothing,Jeans,1.0,30.0,30,Mall,Đà Nẵng,No
518,519,23/1/2023,CUST519,Female,36,Electronics,Headphones,4.0,30.0,120,Mall,Hà Nội,No
519,520,29/12/2023,CUST520,Female,49,Electronics,Headphones,4.0,25.0,100,Mall,Hà Nội,No
520,521,12/8/2023,CUST521,Female,47,Clothing,T-Shirt,4.0,30.0,120,Mall,Hà Nội,No
521,522,1/1/2023,CUST522,Male,46,Beauty,Lipstick,3.0,500.0,1500,Online,Hồ Chí Minh,No
522,523,24/9/2023,CUST523,Female,62,Electronics,Laptop,1.0,300.0,300,Online,Hồ Chí Minh,No
523,524,3/10/2023,CUST524,Male,46,Beauty,Face Cream,4.0,300.0,1200,Mall,Hà Nội,No
524,525,18/12/2023,CUST525,Female,47,Beauty,Face Cream,2.0,25.0,50,Mall,Cần Thơ,No
525,526,10/12/2023,CUST526,Male,33,Clothing,Jacket,2.0,50.0,100,Online,Cần Thơ,No
526,527,11/4/2023,CUST527,Male,57,Clothing,Jeans,2.0,25.0,50,Online,Hồ Chí Minh,No
527,528,6/7/2023,CUST528,Female,36,Clothing,Jacket,2.0,30.0,60,Mall,Hồ Chí Minh,No
528,529,9/8/2023,CUST529,Female,35,Clothing,T-Shirt,3.0,50.0,150,Online,Hà Nội,No
529,530,5/2/2023,CUST530,Female,18,Electronics,Laptop,4.0,30.0,120,Mall,Hà Nội,No
530,531,7/12/2023,CUST531,Male,31,Electronics,Headphones,1.0,500.0,500,Online,Hồ Chí Minh,No
531,532,19/6/2023,CUST532,Female,64,Clothing,Jeans,4.0,30.0,120,Online,Hà Nội,No
532,533,16/11/2023,CUST533,Male,19,Electronics,Headphones,3.0,500.0,1500,Mall,Đà Nẵng,No
533,534,10/6/2023,CUST534,Male,45,Clothing,Jeans,2.0,500.0,1000,Mall,Hồ Chí Minh,No
534,535,6/12/2023,CUST535,Male,47,Beauty,Lipstick,3.0,30.0,90,Online,Đà Nẵng,No
535,536,5/3/2023,CUST536,Female,55,Beauty,Lipstick,4.0,30.0,120,Online,Hồ Chí Minh,No
536,537,3/6/2023,CUST537,Female,21,Beauty,Lipstick,1.0,500.0,500,Mall,Đà Nẵng,No
537,538,17/9/2023,CUST538,Male,18,Clothing,Jacket,3.0,50.0,150,Mall,Hồ Chí Minh,No
538,539,8/6/2023,CUST539,Male,25,Beauty,Face Cream,1.0,500.0,500,Mall,Cần Thơ,No
539,540,8/12/2023,CUST540,Female,46,Electronics,Smartphone,3.0,300.0,900,Online,Hồ Chí Minh,No
540,541,29/7/2023,CUST541,Male,56,Beauty,Perfume,1.0,500.0,500,Online,Đà Nẵng,No
541,542,17/6/2023,CUST542,Female,20,Beauty,Lipstick,1.0,50.0,50,Online,Hồ Chí Minh,No
542,543,26/7/2023,CUST543,Male,49,Beauty,Perfume,2.0,300.0,600,Online,Hà Nội,No
543,544,23/12/2023,CUST544,Female,27,Electronics,Smartphone,1.0,25.0,25,Mall,Cần Thơ,No
544,545,1/6/2023,CUST545,Male,27,Clothing,Jeans,2.0,25.0,50,Online,Hà Nội,No
545,546,11/10/2023,CUST546,Female,36,Electronics,Headphones,4.0,50.0,200,Online,Đà Nẵng,No
546,547,7/3/2023,CUST547,Male,63,Clothing,T-Shirt,4.0,500.0,2000,Online,Hồ Chí Minh,No
547,548,9/4/2023,CUST548,Female,51,Clothing,Jacket,2.0,30.0,60,Online,Đà Nẵng,No
548,549,4/8/2023,CUST549,Female,50,Beauty,Face Cream,2.0,50.0,100,Online,Hồ Chí Minh,No
549,550,7/12/2023,CUST550,Male,40,Clothing,T-Shirt,3.0,300.0,900,Mall,Hồ Chí Minh,No
550,551,14/7/2023,CUST551,Male,45,Electronics,Laptop,3.0,300.0,900,Mall,Đà Nẵng,No
551,552,13/12/2023,CUST552,Female,49,Electronics,Laptop,3.0,25.0,75,Online,Đà Nẵng,No
552,553,31/3/2023,CUST553,Male,24,Clothing,T-Shirt,4.0,300.0,1200,Mall,Hà Nội,No
553,554,12/11/2023,CUST554,Female,46,Beauty,Perfume,3.0,50.0,150,Online,Đà Nẵng,No
554,555,19/10/2023,CUST555,Male,25,Beauty,Lipstick,1.0,300.0,300,Online,Hà Nội,No
555,556,4/6/2023,CUST556,Female,18,Electronics,Laptop,1.0,50.0,50,Mall,Cần Thơ,No
556,557,27/7/2023,CUST557,Female,20,Beauty,Face Cream,3.0,30.0,90,Mall,Hồ Chí Minh,No
557,558,8/10/2023,CUST558,Female,41,Clothing,Jacket,1.0,25.0,25,Mall,Hồ Chí Minh,No
558,559,1/1/2023,CUST559,Female,40,Clothing,T-Shirt,4.0,300.0,1200,Online,Cần Thơ,No
559,560,5/6/2023,CUST560,Female,25,Electronics,Laptop,1.0,50.0,50,Mall,Hồ Chí Minh,No
560,561,27/5/2023,CUST561,Female,64,Clothing,Jacket,4.0,500.0,2000,Online,Hà Nội,No
561,562,18/4/2023,CUST562,Male,54,Electronics,Laptop,2.0,25.0,50,Online,Hồ Chí Minh,No
562,563,9/8/2023,CUST563,Male,20,Clothing,Jeans,2.0,30.0,60,Mall,Hồ Chí Minh,No
563,564,24/10/2023,CUST564,Male,50,Electronics,Smartphone,2.0,50.0,100,Online,Hà Nội,No
564,565,7/11/2023,CUST565,Female,45,Beauty,Perfume,2.0,30.0,60,Mall,Cần Thơ,No
565,566,2/12/2023,CUST566,Female,64,Clothing,Jacket,1.0,30.0,30,Online,Hồ Chí Minh,No
566,567,14/6/2023,CUST567,Female,25,Clothing,Jeans,3.0,300.0,900,Mall,Hồ Chí Minh,No
567,568,27/8/2023,CUST568,Female,51,Electronics,Smartphone,1.0,300.0,300,Online,Hà Nội,No
568,569,15/8/2023,CUST569,Male,52,Electronics,Laptop,4.0,50.0,200,Online,Hồ Chí Minh,No
569,570,15/8/2023,CUST570,Male,49,Clothing,Jacket,1.0,500.0,500,Online,Hồ Chí Minh,No
570,571,12/12/2023,CUST571,Female,41,Electronics,Headphones,1.0,50.0,50,Mall,Hồ Chí Minh,No
571,572,20/4/2023,CUST572,Male,31,Clothing,T-Shirt,4.0,500.0,2000,Online,Đà Nẵng,No
572,573,19/9/2023,CUST573,Male,49,Beauty,Lipstick,2.0,30.0,60,Online,Đà Nẵng,No
573,574,31/8/2023,CUST574,Female,63,Electronics,Laptop,2.0,25.0,50,Mall,Hà Nội,No
574,575,28/3/2023,CUST575,Male,60,Clothing,Jeans,2.0,50.0,100,Mall,Hồ Chí Minh,No
575,576,4/12/2023,CUST576,Female,33,Beauty,Perfume,3.0,50.0,150,Online,Đà Nẵng,No
576,577,13/2/2023,CUST577,Male,21,Beauty,Lipstick,4.0,500.0,2000,Online,Hồ Chí Minh,No
577,578,26/5/2023,CUST578,Female,54,Clothing,Jacket,4.0,30.0,120,Mall,Hồ Chí Minh,No
578,579,21/9/2023,CUST579,Female,38,Electronics,Laptop,1.0,30.0,30,Mall,Hồ Chí Minh,No
579,580,6/12/2023,CUST580,Female,31,Clothing,T-Shirt,3.0,500.0,1500,Online,Hà Nội,No
580,581,21/11/2023,CUST581,Female,48,Beauty,Face Cream,2.0,30.0,60,Online,Cần Thơ,No
581,582,14/11/2023,CUST582,Male,35,Clothing,Jeans,3.0,300.0,900,Mall,Hồ Chí Minh,No
582,583,21/6/2023,CUST583,Female,24,Electronics,Headphones,4.0,25.0,100,Mall,Hồ Chí Minh,No
583,584,17/2/2023,CUST584,Female,27,Beauty,Face Cream,4.0,50.0,200,Online,Hồ Chí Minh,No
584,585,1/5/2023,CUST585,Female,24,Clothing,T-Shirt,1.0,25.0,25,Online,Đà Nẵng,No
585,586,11/12/2023,CUST586,Male,50,Electronics,Headphones,1.0,50.0,50,Mall,Cần Thơ,No
586,587,8/6/2023,CUST587,Female,40,Beauty,Lipstick,4.0,300.0,1200,Online,Cần Thơ,No
587,588,26/4/2023,CUST588,Male,38,Electronics,Headphones,2.0,30.0,60,Mall,Hồ Chí Minh,No
588,589,12/4/2023,CUST589,Female,36,Beauty,Perfume,2.0,500.0,1000,Online,Cần Thơ,No
589,590,17/3/2023,CUST590,Male,36,Clothing,Jacket,3.0,300.0,900,Online,Hà Nội,No
590,591,13/1/2023,CUST591,Male,53,Electronics,Laptop,4.0,25.0,100,Online,Hồ Chí Minh,No
591,592,24/1/2023,CUST592,Female,46,Beauty,Perfume,4.0,500.0,2000,Mall,Hồ Chí Minh,No
592,593,6/5/2023,CUST593,Male,35,Electronics,Headphones,2.0,30.0,60,Online,Hồ Chí Minh,No
593,594,1/9/2023,CUST594,Female,19,Electronics,Laptop,2.0,300.0,600,Online,Hồ Chí Minh,No
594,595,9/11/2023,CUST595,Female,18,Clothing,T-Shirt,4.0,500.0,2000,Online,Đà Nẵng,No
595,596,7/2/2023,CUST596,Female,64,Electronics,Headphones,1.0,300.0,300,Online,Hà Nội,No
596,597,22/8/2023,CUST597,Male,22,Beauty,Lipstick,4.0,300.0,1200,Mall,Hồ Chí Minh,No
597,598,1/8/2023,CUST598,Male,37,Beauty,Face Cream,4.0,30.0,120,Mall,Cần Thơ,No
598,599,19/11/2023,CUST599,Female,28,Beauty,Lipstick,2.0,50.0,100,Online,Hà Nội,No
599,600,22/10/2023,CUST600,Female,59,Beauty,Perfume,2.0,500.0,1000,Online,Hồ Chí Minh,No
600,601,10/4/2023,CUST601,Male,19,Clothing,T-Shirt,1.0,30.0,30,Online,Hà Nội,No
601,602,23/12/2023,CUST602,Female,20,Electronics,Headphones,1.0,300.0,300,Online,Hà Nội,No
602,603,16/7/2023,CUST603,Female,40,Clothing,Jeans,3.0,30.0,90,Online,Hồ Chí Minh,No
603,604,11/9/2023,CUST604,Female,29,Electronics,Headphones,4.0,50.0,200,Online,Hồ Chí Minh,No
604,605,24/7/2023,CUST605,Male,37,Electronics,Laptop,2.0,500.0,1000,Mall,Hồ Chí Minh,No
605,606,5/5/2023,CUST606,Male,22,Electronics,Smartphone,1.0,50.0,50,Online,Hồ Chí Minh,No
606,607,17/3/2023,CUST607,Male,54,Clothing,T-Shirt,3.0,25.0,75,Online,Cần Thơ,No
607,608,2/12/2023,CUST608,Female,55,Electronics,Laptop,3.0,500.0,1500,Online,Hồ Chí Minh,No
608,609,19/12/2023,CUST609,Female,47,Clothing,T-Shirt,2.0,50.0,100,Mall,Hồ Chí Minh,No
609,610,3/1/2023,CUST610,Female,26,Beauty,Perfume,2.0,300.0,600,Mall,Hồ Chí Minh,No
610,611,24/2/2023,CUST611,Male,51,Beauty,Lipstick,3.0,500.0,1500,Mall,Cần Thơ,No
611,612,6/8/2023,CUST612,Female,61,Electronics,Headphones,1.0,500.0,500,Mall,Cần Thơ,No
612,613,23/4/2023,CUST613,Female,52,Clothing,Jeans,3.0,30.0,90,Mall,Đà Nẵng,No
613,614,1/4/2023,CUST614,Female,39,Beauty,Lipstick,4.0,300.0,1200,Online,Đà Nẵng,No
614,615,23/12/2023,CUST615,Female,61,Clothing,Jacket,4.0,25.0,100,Mall,Hồ Chí Minh,No
615,616,23/9/2023,CUST616,Male,41,Clothing,T-Shirt,2.0,50.0,100,Mall,Hà Nội,No
616,617,26/8/2023,CUST617,Male,34,Electronics,Smartphone,1.0,30.0,30,Online,Hồ Chí Minh,No
617,618,26/1/2023,CUST618,Female,27,Beauty,Perfume,1.0,50.0,50,Mall,Hà Nội,No
618,619,13/10/2023,CUST619,Male,47,Electronics,Smartphone,4.0,25.0,100,Mall,Hà Nội,No
619,620,8/5/2023,CUST620,Male,63,Electronics,Smartphone,3.0,25.0,75,Mall,Hồ Chí Minh,No
620,621,4/3/2023,CUST621,Female,40,Beauty,Perfume,2.0,500.0,1000,Mall,Hà Nội,No
621,622,22/8/2023,CUST622,Female,49,Beauty,Face Cream,3.0,25.0,75,Online,Hà Nội,No
622,623,10/3/2023,CUST623,Male,34,Clothing,T-Shirt,3.0,50.0,150,Mall,Hồ Chí Minh,No
623,624,26/8/2023,CUST624,Female,34,Beauty,Face Cream,3.0,300.0,900,Mall,Đà Nẵng,No
624,625,8/12/2023,CUST625,Male,31,Clothing,T-Shirt,1.0,300.0,300,Online,Cần Thơ,No
625,626,29/9/2023,CUST626,Female,26,Clothing,T-Shirt,4.0,500.0,2000,Online,Hồ Chí Minh,No
626,627,14/10/2023,CUST627,Male,57,Clothing,Jeans,1.0,50.0,50,Mall,Hồ Chí Minh,No
627,628,1/11/2023,CUST628,Female,19,Beauty,Perfume,4.0,50.0,200,Online,Cần Thơ,No
628,629,12/6/2023,CUST629,Male,62,Electronics,Smartphone,2.0,25.0,50,Mall,Đà Nẵng,No
629,630,15/8/2023,CUST630,Male,42,Clothing,Jeans,2.0,50.0,100,Online,Cần Thơ,No
630,631,10/11/2023,CUST631,Male,56,Electronics,Headphones,3.0,30.0,90,Mall,Hồ Chí Minh,No
631,632,16/9/2023,CUST632,Female,26,Electronics,Headphones,4.0,25.0,100,Mall,Hồ Chí Minh,No
632,633,7/8/2023,CUST633,Male,39,Beauty,Face Cream,4.0,30.0,120,Mall,Hà Nội,No
633,634,8/10/2023,CUST634,Male,60,Electronics,Headphones,4.0,500.0,2000,Mall,Đà Nẵng,No
634,635,17/8/2023,CUST635,Female,63,Electronics,Headphones,3.0,300.0,900,Online,Hà Nội,No
635,636,23/3/2023,CUST636,Female,21,Beauty,Perfume,3.0,500.0,1500,Mall,Hà Nội,No
636,637,1/9/2023,CUST637,Male,43,Clothing,Jeans,2.0,300.0,600,Online,Hồ Chí Minh,No
637,638,19/8/2023,CUST638,Male,46,Electronics,Smartphone,1.0,500.0,500,Mall,Hồ Chí Minh,No
638,639,13/5/2023,CUST639,Female,62,Beauty,Perfume,4.0,50.0,200,Mall,Cần Thơ,No
639,640,7/5/2023,CUST640,Female,51,Electronics,Smartphone,4.0,30.0,120,Online,Hồ Chí Minh,No
640,641,23/11/2023,CUST641,Female,40,Electronics,Smartphone,1.0,300.0,300,Mall,Hồ Chí Minh,No
641,642,22/5/2023,CUST642,Female,54,Clothing,T-Shirt,4.0,25.0,100,Online,Đà Nẵng,No
642,643,24/9/2023,CUST643,Female,28,Electronics,Smartphone,3.0,30.0,90,Mall,Hà Nội,No
643,644,6/9/2023,CUST644,Male,23,Beauty,Perfume,3.0,25.0,75,Online,Hồ Chí Minh,No
644,645,17/11/2023,CUST645,Female,35,Electronics,Headphones,4.0,30.0,120,Online,Cần Thơ,No
645,646,3/5/2023,CUST646,Male,38,Clothing,Jeans,3.0,30.0,90,Mall,Hồ Chí Minh,No
646,647,21/5/2023,CUST647,Male,59,Clothing,Jacket,3.0,500.0,1500,Online,Hồ Chí Minh,No
647,648,14/8/2023,CUST648,Male,53,Beauty,Lipstick,4.0,300.0,1200,Online,Hồ Chí Minh,No
648,649,9/2/2023,CUST649,Female,58,Clothing,T-Shirt,2.0,300.0,600,Mall,Hà Nội,No
649,650,1/1/2024,CUST650,Male,55,Electronics,Smartphone,1.0,30.0,30,Online,Hà Nội,No
650,651,27/5/2023,CUST651,Male,51,Clothing,T-Shirt,3.0,50.0,150,Mall,Đà Nẵng,No
651,652,1/5/2023,CUST652,Female,34,Beauty,Lipstick,2.0,50.0,100,Mall,Hà Nội,No
652,653,20/5/2023,CUST653,Male,54,Clothing,Jeans,3.0,25.0,75,Mall,Hà Nội,No
653,654,21/6/2023,CUST654,Male,42,Clothing,T-Shirt,3.0,25.0,75,Online,Hồ Chí Minh,No
654,655,13/6/2023,CUST655,Female,55,Clothing,Jeans,1.0,500.0,500,Mall,Hồ Chí Minh,No
655,656,4/10/2023,CUST656,Male,29,Beauty,Face Cream,3.0,30.0,90,Online,Hồ Chí Minh,No
656,657,11/2/2023,CUST657,Male,40,Clothing,Jacket,1.0,25.0,25,Online,Hà Nội,No
657,658,12/3/2023,CUST658,Male,59,Clothing,Jeans,1.0,25.0,25,Online,Hồ Chí Minh,No
658,659,19/3/2023,CUST659,Female,39,Electronics,Laptop,1.0,30.0,30,Online,Cần Thơ,No
659,660,29/4/2023,CUST660,Female,38,Beauty,Face Cream,2.0,500.0,1000,Mall,Hà Nội,No
660,661,16/7/2023,CUST661,Female,44,Clothing,T-Shirt,4.0,25.0,100,Online,Hồ Chí Minh,No
661,662,22/12/2023,CUST662,Male,48,Beauty,Face Cream,2.0,500.0,1000,Mall,Hà Nội,No
662,663,20/3/2023,CUST663,Male,23,Clothing,Jeans,4.0,300.0,1200,Mall,Đà Nẵng,No
663,664,28/12/2023,CUST664,Female,44,Clothing,T-Shirt,4.0,500.0,2000,Online,Hà Nội,No
664,665,20/4/2023,CUST665,Male,57,Clothing,T-Shirt,1.0,50.0,50,Online,Hồ Chí Minh,No
665,666,2/2/2023,CUST666,Male,51,Electronics,Laptop,3.0,50.0,150,Online,Hồ Chí Minh,No
666,667,1/8/2023,CUST667,Female,29,Electronics,Laptop,1.0,500.0,500,Online,Hồ Chí Minh,No
667,668,28/7/2023,CUST668,Female,62,Electronics,Laptop,3.0,50.0,150,Online,Hồ Chí Minh,No
668,669,19/6/2023,CUST669,Male,24,Beauty,Face Cream,4.0,300.0,1200,Online,Cần Thơ,No
669,670,5/10/2023,CUST670,Male,27,Beauty,Lipstick,1.0,30.0,30,Mall,Đà Nẵng,No
670,671,27/8/2023,CUST671,Male,62,Electronics,Laptop,3.0,50.0,150,Online,Đà Nẵng,No
671,672,1/8/2023,CUST672,Female,34,Beauty,Perfume,2.0,50.0,100,Mall,Cần Thơ,No
672,673,1/2/2023,CUST673,Female,43,Clothing,Jacket,3.0,500.0,1500,Online,Đà Nẵng,No
673,674,16/4/2023,CUST674,Female,38,Clothing,Jacket,1.0,300.0,300,Mall,Đà Nẵng,No
674,675,4/8/2023,CUST675,Female,45,Clothing,Jeans,2.0,30.0,60,Online,Hồ Chí Minh,No
675,676,19/7/2023,CUST676,Male,63,Electronics,Smartphone,3.0,500.0,1500,Mall,Cần Thơ,No
676,677,27/10/2023,CUST677,Female,19,Beauty,Perfume,3.0,500.0,1500,Online,Hồ Chí Minh,No
677,678,23/12/2023,CUST678,Female,60,Electronics,Laptop,3.0,300.0,900,Online,Hồ Chí Minh,No
678,679,11/1/2023,CUST679,Female,18,Beauty,Face Cream,3.0,30.0,90,Mall,Hồ Chí Minh,No
679,680,22/10/2023,CUST680,Female,53,Clothing,Jacket,3.0,300.0,900,Mall,Hồ Chí Minh,No
680,681,14/7/2023,CUST681,Female,43,Electronics,Headphones,2.0,30.0,60,Online,Hồ Chí Minh,No
681,682,2/9/2023,CUST682,Male,46,Beauty,Face Cream,4.0,300.0,1200,Online,Đà Nẵng,No
682,683,4/1/2023,CUST683,Male,38,Beauty,Face Cream,2.0,500.0,1000,Mall,Cần Thơ,No
683,684,30/6/2023,CUST684,Female,28,Clothing,T-Shirt,2.0,500.0,1000,Online,Hà Nội,No
684,685,2/6/2023,CUST685,Male,57,Electronics,Headphones,2.0,25.0,50,Mall,Hồ Chí Minh,No
685,686,19/7/2023,CUST686,Female,28,Electronics,Smartphone,4.0,50.0,200,Online,Đà Nẵng,No
686,687,3/8/2023,CUST687,Female,53,Electronics,Laptop,1.0,300.0,300,Mall,Hà Nội,No
687,688,3/10/2023,CUST688,Male,56,Clothing,Jacket,4.0,25.0,100,Mall,Hà Nội,No
688,689,7/10/2023,CUST689,Male,57,Electronics,Smartphone,2.0,50.0,100,Online,Hồ Chí Minh,No
689,690,5/11/2023,CUST690,Female,52,Clothing,T-Shirt,3.0,300.0,900,Online,Hồ Chí Minh,No
690,691,23/4/2023,CUST691,Female,51,Clothing,Jeans,3.0,30.0,90,Online,Hà Nội,No
691,692,7/9/2023,CUST692,Female,64,Clothing,T-Shirt,2.0,50.0,100,Online,Cần Thơ,No
692,693,23/4/2023,CUST693,Male,41,Beauty,Face Cream,3.0,500.0,1500,Online,Hà Nội,No
693,694,20/5/2023,CUST694,Female,39,Electronics,Smartphone,2.0,25.0,50,Mall,Hồ Chí Minh,No
694,695,12/8/2023,CUST695,Female,22,Electronics,Smartphone,3.0,50.0,150,Mall,Hồ Chí Minh,No
695,696,6/9/2023,CUST696,Female,50,Clothing,Jeans,4.0,50.0,200,Online,Hồ Chí Minh,No
696,697,15/1/2023,CUST697,Male,53,Clothing,Jeans,1.0,500.0,500,Online,Cần Thơ,No
697,698,19/7/2023,CUST698,Female,64,Electronics,Smartphone,1.0,300.0,300,Online,Hồ Chí Minh,No
698,699,22/6/2023,CUST699,Female,37,Clothing,Jeans,4.0,30.0,120,Online,Đà Nẵng,No
699,700,9/12/2023,CUST700,Male,36,Electronics,Smartphone,4.0,500.0,2000,Online,Hà Nội,No
700,701,14/12/2023,CUST701,Female,52,Beauty,Face Cream,2.0,30.0,60,Online,Hà Nội,No
701,702,27/7/2023,CUST702,Female,60,Clothing,Jeans,2.0,300.0,600,Online,Hà Nội,No
702,703,26/3/2023,CUST703,Male,34,Electronics,Headphones,2.0,50.0,100,Online,Hồ Chí Minh,No
703,704,28/8/2023,CUST704,Female,62,Clothing,T-Shirt,3.0,30.0,90,Online,Hồ Chí Minh,No
704,705,7/3/2023,CUST705,Male,60,Electronics,Laptop,2.0,25.0,50,Online,Hà Nội,No
705,706,15/11/2023,CUST706,Male,51,Electronics,Headphones,4.0,25.0,100,Online,Hà Nội,No
706,707,1/10/2023,CUST707,Female,26,Clothing,T-Shirt,1.0,500.0,500,Online,Hà Nội,No
707,708,14/1/2023,CUST708,Female,43,Beauty,Face Cream,3.0,300.0,900,Online,Hà Nội,No
708,709,21/7/2023,CUST709,Female,19,Electronics,Smartphone,2.0,500.0,1000,Online,Đà Nẵng,No
709,710,31/10/2023,CUST710,Female,26,Electronics,Headphones,3.0,500.0,1500,Mall,Hồ Chí Minh,No
710,711,16/10/2023,CUST711,Male,26,Electronics,Headphones,3.0,500.0,1500,Mall,Hà Nội,No
711,712,6/12/2023,CUST712,Female,57,Beauty,Face Cream,2.0,25.0,50,Mall,Đà Nẵng,No
712,713,14/1/2023,CUST713,Male,34,Beauty,Perfume,3.0,25.0,75,Mall,Cần Thơ,No
713,714,12/2/2023,CUST714,Female,18,Clothing,T-Shirt,1.0,500.0,500,Mall,Hồ Chí Minh,No
714,715,26/11/2023,CUST715,Female,42,Beauty,Lipstick,4.0,25.0,100,Mall,Hồ Chí Minh,No
715,716,8/8/2023,CUST716,Female,60,Clothing,Jeans,4.0,300.0,1200,Online,Đà Nẵng,No
716,717,11/3/2023,CUST717,Male,57,Clothing,T-Shirt,1.0,500.0,500,Mall,Hà Nội,No
717,718,25/8/2023,CUST718,Female,59,Beauty,Face Cream,3.0,25.0,75,Online,Hà Nội,No
718,719,4/4/2023,CUST719,Female,42,Clothing,Jeans,2.0,30.0,60,Online,Hà Nội,No
719,720,26/1/2023,CUST720,Female,56,Beauty,Perfume,3.0,500.0,1500,Online,Hồ Chí Minh,No
720,721,14/5/2023,CUST721,Female,52,Clothing,Jacket,1.0,500.0,500,Online,Đà Nẵng,No
721,722,14/7/2023,CUST722,Male,20,Beauty,Face Cream,3.0,300.0,900,Mall,Đà Nẵng,No
722,723,17/6/2023,CUST723,Female,54,Beauty,Perfume,4.0,50.0,200,Mall,Hồ Chí Minh,No
723,724,19/4/2023,CUST724,Male,61,Clothing,Jacket,3.0,50.0,150,Mall,Hồ Chí Minh,No
724,725,21/8/2023,CUST725,Male,61,Electronics,Laptop,1.0,300.0,300,Online,Hồ Chí Minh,No
725,726,17/6/2023,CUST726,Male,47,Clothing,T-Shirt,4.0,300.0,1200,Mall,Đà Nẵng,No
726,727,22/6/2023,CUST727,Male,55,Beauty,Face Cream,3.0,300.0,900,Online,Cần Thơ,No
727,728,14/7/2023,CUST728,Male,51,Electronics,Smartphone,3.0,50.0,150,Mall,Hồ Chí Minh,No
728,729,23/5/2023,CUST729,Male,29,Clothing,Jacket,4.0,300.0,1200,Mall,Hà Nội,No
729,730,4/8/2023,CUST730,Female,36,Clothing,T-Shirt,2.0,25.0,50,Mall,Hà Nội,No
730,731,10/5/2023,CUST731,Male,54,Clothing,Jacket,4.0,500.0,2000,Online,Hồ Chí Minh,No
731,732,11/2/2023,CUST732,Male,61,Electronics,Headphones,2.0,500.0,1000,Online,Hồ Chí Minh,No
732,733,29/8/2023,CUST733,Male,34,Beauty,Face Cream,1.0,30.0,30,Mall,Hà Nội,No
733,734,10/1/2023,CUST734,Female,27,Clothing,Jacket,1.0,30.0,30,Online,Hồ Chí Minh,No
734,735,4/10/2023,CUST735,Female,64,Clothing,Jeans,4.0,500.0,2000,Mall,Đà Nẵng,No
735,736,27/1/2023,CUST736,Male,29,Clothing,Jeans,4.0,25.0,100,Mall,Đà Nẵng,No
736,737,29/6/2023,CUST737,Female,33,Clothing,T-Shirt,1.0,50.0,50,Online,Hà Nội,No
737,738,25/4/2023,CUST738,Male,41,Clothing,Jacket,2.0,50.0,100,Online,Hồ Chí Minh,No
738,739,29/11/2023,CUST739,Male,36,Beauty,Perfume,1.0,25.0,25,Online,Hà Nội,No
739,740,5/2/2023,CUST740,Female,25,Beauty,Face Cream,4.0,50.0,200,Online,Cần Thơ,No
740,741,30/11/2023,CUST741,Male,48,Clothing,Jacket,1.0,300.0,300,Online,Hồ Chí Minh,No
741,742,21/1/2023,CUST742,Female,38,Electronics,Smartphone,4.0,500.0,2000,Online,Hà Nội,No
742,743,16/1/2023,CUST743,Female,34,Beauty,Perfume,4.0,500.0,2000,Online,Cần Thơ,No
743,744,7/5/2023,CUST744,Male,40,Electronics,Smartphone,1.0,25.0,25,Online,Hà Nội,No
744,745,13/4/2023,CUST745,Male,54,Beauty,Perfume,2.0,50.0,100,Online,Hà Nội,No
745,746,11/1/2023,CUST746,Female,33,Clothing,Jacket,3.0,30.0,90,Mall,Đà Nẵng,No
746,747,15/11/2023,CUST747,Male,23,Beauty,Face Cream,1.0,30.0,30,Mall,Hồ Chí Minh,No
747,748,20/3/2023,CUST748,Male,25,Clothing,Jacket,3.0,50.0,150,Online,Hà Nội,No
748,749,3/5/2023,CUST749,Male,42,Beauty,Perfume,1.0,30.0,30,Online,Hồ Chí Minh,No
749,750,6/3/2023,CUST750,Female,35,Clothing,Jeans,3.0,25.0,75,Online,Hồ Chí Minh,No
750,751,31/8/2023,CUST751,Female,42,Clothing,Jacket,2.0,25.0,50,Mall,Đà Nẵng,No
751,752,9/12/2023,CUST752,Male,29,Clothing,T-Shirt,2.0,50.0,100,Mall,Hồ Chí Minh,No
752,753,28/2/2023,CUST753,Female,32,Clothing,Jacket,1.0,30.0,30,Online,Cần Thơ,No
753,754,16/10/2023,CUST754,Female,43,Electronics,Laptop,4.0,25.0,100,Mall,Cần Thơ,No
754,755,22/4/2023,CUST755,Female,58,Clothing,Jeans,3.0,25.0,75,Mall,Hồ Chí Minh,No
755,756,27/8/2023,CUST756,Female,62,Electronics,Laptop,4.0,300.0,1200,Online,Hồ Chí Minh,No
756,757,25/12/2023,CUST757,Female,43,Electronics,Laptop,4.0,300.0,1200,Online,Đà Nẵng,No
757,758,12/5/2023,CUST758,Male,64,Clothing,Jacket,4.0,25.0,100,Online,Hồ Chí Minh,No
758,759,8/7/2023,CUST759,Male,49,Electronics,Laptop,2.0,50.0,100,Mall,Hồ Chí Minh,No
759,760,27/3/2023,CUST760,Male,27,Beauty,Face Cream,1.0,500.0,500,Mall,Hà Nội,No
760,761,7/11/2023,CUST761,Female,33,Clothing,Jacket,1.0,500.0,500,Online,Hồ Chí Minh,No
761,762,7/11/2023,CUST762,Female,24,Electronics,Laptop,2.0,25.0,50,Mall,Hà Nội,No
762,763,28/2/2023,CUST763,Male,34,Clothing,Jacket,2.0,25.0,50,Online,Hồ Chí Minh,No
763,764,25/3/2023,CUST764,Female,40,Clothing,T-Shirt,1.0,25.0,25,Online,Hồ Chí Minh,No
764,765,9/6/2023,CUST765,Male,43,Clothing,Jeans,4.0,50.0,200,Online,Đà Nẵng,No
765,766,25/2/2023,CUST766,Male,38,Electronics,Smartphone,3.0,300.0,900,Mall,Hồ Chí Minh,No
766,767,24/10/2023,CUST767,Male,39,Beauty,Perfume,3.0,25.0,75,Mall,Đà Nẵng,No
767,768,14/1/2023,CUST768,Female,24,Beauty,Lipstick,3.0,25.0,75,Mall,Cần Thơ,No
768,769,9/6/2023,CUST769,Female,31,Electronics,Laptop,4.0,30.0,120,Online,Hồ Chí Minh,No
769,770,22/10/2023,CUST770,Male,32,Clothing,Jeans,1.0,50.0,50,Online,Hồ Chí Minh,No
770,771,13/12/2023,CUST771,Male,24,Electronics,Smartphone,2.0,25.0,50,Online,Cần Thơ,No
771,772,12/7/2023,CUST772,Male,26,Electronics,Headphones,1.0,30.0,30,Mall,Đà Nẵng,No
772,773,23/7/2023,CUST773,Male,25,Electronics,Headphones,4.0,500.0,2000,Online,Hà Nội,No
773,774,12/4/2023,CUST774,Female,40,Clothing,Jeans,2.0,25.0,50,Mall,Cần Thơ,No
774,775,8/2/2023,CUST775,Female,46,Electronics,Headphones,4.0,25.0,100,Online,Cần Thơ,No
775,776,31/10/2023,CUST776,Male,35,Clothing,Jacket,3.0,30.0,90,Online,Hồ Chí Minh,No
776,777,20/12/2023,CUST777,Male,48,Electronics,Smartphone,3.0,50.0,150,Mall,Hồ Chí Minh,No
777,778,18/11/2023,CUST778,Female,47,Beauty,Perfume,4.0,25.0,100,Mall,Hồ Chí Minh,No
778,779,5/5/2023,CUST779,Female,56,Electronics,Smartphone,2.0,500.0,1000,Online,Hồ Chí Minh,No
779,780,22/2/2023,CUST780,Male,52,Electronics,Headphones,2.0,25.0,50,Mall,Hà Nội,No
780,781,23/12/2023,CUST781,Male,35,Beauty,Face Cream,1.0,500.0,500,Mall,Đà Nẵng,No
781,782,4/6/2023,CUST782,Male,59,Clothing,Jacket,3.0,300.0,900,Online,Cần Thơ,No
782,783,17/12/2023,CUST783,Female,56,Clothing,T-Shirt,1.0,300.0,300,Mall,Đà Nẵng,No
783,784,4/11/2023,CUST784,Female,34,Electronics,Laptop,1.0,500.0,500,Mall,Đà Nẵng,No
784,785,3/3/2023,CUST785,Female,31,Beauty,Lipstick,4.0,50.0,200,Online,Cần Thơ,No
785,786,17/10/2023,CUST786,Male,48,Clothing,Jeans,4.0,25.0,100,Online,Hà Nội,No
786,787,22/1/2023,CUST787,Male,41,Electronics,Laptop,1.0,25.0,25,Online,Đà Nẵng,No
787,788,27/6/2023,CUST788,Female,52,Beauty,Perfume,3.0,300.0,900,Mall,Hà Nội,No
788,789,30/9/2023,CUST789,Female,61,Clothing,Jeans,4.0,500.0,2000,Online,Đà Nẵng,No
789,790,8/8/2023,CUST790,Male,62,Clothing,T-Shirt,1.0,25.0,25,Online,Đà Nẵng,No
790,791,5/12/2023,CUST791,Female,51,Beauty,Lipstick,1.0,25.0,25,Mall,Hồ Chí Minh,No
791,792,9/7/2023,CUST792,Female,20,Beauty,Lipstick,1.0,50.0,50,Online,Đà Nẵng,No
792,793,5/2/2023,CUST793,Male,54,Beauty,Face Cream,1.0,30.0,30,Online,Cần Thơ,No
793,794,17/9/2023,CUST794,Female,60,Beauty,Face Cream,1.0,300.0,300,Mall,Hà Nội,No
794,795,28/11/2023,CUST795,Male,57,Electronics,Smartphone,1.0,300.0,300,Mall,Hồ Chí Minh,No
795,796,24/6/2023,CUST796,Male,43,Beauty,Lipstick,4.0,30.0,120,Mall,Đà Nẵng,No
796,797,7/1/2023,CUST797,Male,40,Clothing,Jacket,3.0,25.0,75,Mall,Hà Nội,No
797,798,4/8/2023,CUST798,Male,61,Clothing,Jacket,1.0,50.0,50,Online,Hà Nội,No
798,799,8/9/2023,CUST799,Male,56,Electronics,Laptop,2.0,50.0,100,Online,Hồ Chí Minh,No
799,800,24/2/2023,CUST800,Male,32,Clothing,Jacket,4.0,300.0,1200,Mall,Đà Nẵng,No
800,801,10/8/2023,CUST801,Male,21,Clothing,Jeans,4.0,50.0,200,Online,Hà Nội,No
801,802,5/7/2023,CUST802,Female,46,Beauty,Face Cream,1.0,30.0,30,Mall,Hồ Chí Minh,No
802,803,22/11/2023,CUST803,Male,39,Clothing,Jacket,4.0,25.0,100,Mall,Hà Nội,No
803,804,24/8/2023,CUST804,Male,42,Electronics,Laptop,1.0,30.0,30,Mall,Hồ Chí Minh,No
804,805,29/12/2023,CUST805,Female,30,Beauty,Lipstick,3.0,500.0,1500,Online,Đà Nẵng,No
805,806,20/3/2023,CUST806,Female,35,Beauty,Perfume,3.0,300.0,900,Mall,Hồ Chí Minh,No
806,807,11/8/2023,CUST807,Female,50,Electronics,Headphones,4.0,50.0,200,Mall,Hồ Chí Minh,No
807,808,1/4/2023,CUST808,Male,33,Beauty,Perfume,4.0,500.0,2000,Mall,Hà Nội,No
808,809,25/9/2023,CUST809,Female,62,Beauty,Lipstick,2.0,50.0,100,Online,Hồ Chí Minh,No
809,810,30/11/2023,CUST810,Male,59,Electronics,Headphones,4.0,25.0,100,Mall,Hồ Chí Minh,No
810,811,19/5/2023,CUST811,Male,61,Beauty,Face Cream,2.0,25.0,50,Mall,Hà Nội,No
811,812,12/11/2023,CUST812,Male,19,Electronics,Laptop,3.0,25.0,75,Mall,Hà Nội,No
812,813,3/10/2023,CUST813,Male,52,Electronics,Laptop,3.0,50.0,150,Online,Hà Nội,No
813,814,5/9/2023,CUST814,Female,59,Clothing,Jacket,1.0,500.0,500,Online,Đà Nẵng,No
814,815,27/8/2023,CUST815,Female,51,Clothing,T-Shirt,3.0,25.0,75,Mall,Cần Thơ,No
815,816,12/8/2023,CUST816,Male,47,Beauty,Lipstick,2.0,500.0,1000,Online,Hồ Chí Minh,No
816,817,31/10/2023,CUST817,Male,30,Beauty,Face Cream,4.0,50.0,200,Online,Hà Nội,No
817,818,18/5/2023,CUST818,Male,30,Electronics,Smartphone,1.0,500.0,500,Mall,Hồ Chí Minh,No
818,819,15/6/2023,CUST819,Female,35,Beauty,Perfume,2.0,50.0,100,Online,Hồ Chí Minh,No
819,820,6/5/2023,CUST820,Male,49,Electronics,Laptop,4.0,50.0,200,Mall,Hà Nội,No
820,821,14/2/2023,CUST821,Male,49,Electronics,Smartphone,1.0,300.0,300,Mall,Hồ Chí Minh,No
821,822,23/5/2023,CUST822,Female,52,Beauty,Perfume,3.0,50.0,150,Online,Hà Nội,No
822,823,19/8/2023,CUST823,Female,56,Electronics,Headphones,2.0,50.0,100,Online,Đà Nẵng,No
823,824,5/5/2023,CUST824,Male,63,Clothing,Jeans,4.0,30.0,120,Online,Cần Thơ,No
824,825,26/8/2023,CUST825,Female,46,Beauty,Lipstick,1.0,25.0,25,Mall,Hà Nội,No
825,826,19/10/2023,CUST826,Female,46,Clothing,T-Shirt,1.0,300.0,300,Mall,Đà Nẵng,No
826,827,9/11/2023,CUST827,Male,61,Beauty,Lipstick,3.0,300.0,900,Mall,Hồ Chí Minh,No
827,828,9/12/2023,CUST828,Female,33,Electronics,Smartphone,4.0,300.0,1200,Mall,Hồ Chí Minh,No
828,829,14/7/2023,CUST829,Male,61,Beauty,Face Cream,3.0,30.0,90,Online,Hồ Chí Minh,No
829,830,22/6/2023,CUST830,Female,64,Clothing,Jeans,3.0,50.0,150,Online,Hà Nội,No
830,831,15/1/2023,CUST831,Male,27,Electronics,Headphones,4.0,25.0,100,Mall,Hồ Chí Minh,No
831,832,11/9/2023,CUST832,Male,47,Beauty,Lipstick,4.0,500.0,2000,Online,Hà Nội,No
832,833,16/6/2023,CUST833,Male,42,Beauty,Lipstick,4.0,50.0,200,Mall,Hà Nội,No
833,834,4/4/2023,CUST834,Female,56,Beauty,Perfume,2.0,30.0,60,Online,Hà Nội,No
834,835,7/9/2023,CUST835,Male,37,Clothing,Jacket,4.0,50.0,200,Online,Đà Nẵng,No
835,836,19/4/2023,CUST836,Female,22,Clothing,T-Shirt,1.0,50.0,50,Mall,Hồ Chí Minh,No
836,837,1/7/2023,CUST837,Male,18,Beauty,Lipstick,3.0,30.0,90,Mall,Hồ Chí Minh,No
837,838,13/5/2023,CUST838,Male,47,Electronics,Smartphone,2.0,300.0,600,Mall,Hà Nội,No
838,839,24/6/2023,CUST839,Female,20,Electronics,Smartphone,4.0,300.0,1200,Mall,Hồ Chí Minh,No
839,840,24/5/2023,CUST840,Male,62,Clothing,Jeans,2.0,25.0,50,Online,Đà Nẵng,No
840,841,2/11/2023,CUST841,Male,31,Electronics,Smartphone,4.0,25.0,100,Mall,Cần Thơ,No
841,842,26/12/2023,CUST842,Female,47,Clothing,T-Shirt,2.0,300.0,600,Mall,Hồ Chí Minh,No
842,843,22/5/2023,CUST843,Male,21,Beauty,Perfume,3.0,500.0,1500,Mall,Đà Nẵng,No
843,844,12/10/2023,CUST844,Male,35,Clothing,T-Shirt,3.0,50.0,150,Online,Hồ Chí Minh,No
844,845,6/1/2023,CUST845,Male,54,Clothing,T-Shirt,1.0,500.0,500,Mall,Đà Nẵng,No
845,846,22/9/2023,CUST846,Male,42,Beauty,Perfume,1.0,50.0,50,Online,Hồ Chí Minh,No
846,847,8/4/2023,CUST847,Female,18,Electronics,Headphones,4.0,300.0,1200,Mall,Hà Nội,No
847,848,13/2/2023,CUST848,Female,63,Clothing,Jeans,3.0,25.0,75,Online,Hồ Chí Minh,No
848,849,4/5/2023,CUST849,Male,32,Clothing,T-Shirt,2.0,25.0,50,Online,Hà Nội,No
849,850,28/7/2023,CUST850,Female,26,Beauty,Perfume,2.0,500.0,1000,Online,Hà Nội,No
850,851,8/9/2023,CUST851,Male,32,Electronics,Headphones,2.0,25.0,50,Online,Cần Thơ,No
851,852,12/10/2023,CUST852,Female,41,Clothing,T-Shirt,1.0,300.0,300,Online,Hồ Chí Minh,No
852,853,4/5/2023,CUST853,Male,21,Beauty,Perfume,2.0,500.0,1000,Online,Hồ Chí Minh,No
853,854,20/12/2023,CUST854,Male,29,Clothing,T-Shirt,1.0,50.0,50,Mall,Hồ Chí Minh,No
854,855,1/9/2023,CUST855,Male,54,Beauty,Perfume,1.0,25.0,25,Online,Hồ Chí Minh,No
855,856,27/11/2023,CUST856,Male,54,Electronics,Laptop,4.0,30.0,120,Online,Hồ Chí Minh,No
856,857,31/12/2023,CUST857,Male,60,Electronics,Laptop,2.0,25.0,50,Online,Đà Nẵng,No
857,858,9/9/2023,CUST858,Male,23,Electronics,Headphones,2.0,50.0,100,Mall,Hồ Chí Minh,No
858,859,18/8/2023,CUST859,Female,56,Electronics,Smartphone,3.0,500.0,1500,Online,Đà Nẵng,No
859,860,9/1/2023,CUST860,Male,63,Clothing,T-Shirt,4.0,50.0,200,Online,Hồ Chí Minh,No
860,861,17/2/2023,CUST861,Female,41,Clothing,Jeans,3.0,30.0,90,Online,Hà Nội,No
861,862,31/5/2023,CUST862,Male,28,Electronics,Smartphone,4.0,300.0,1200,Online,Hồ Chí Minh,No
862,863,24/4/2023,CUST863,Female,30,Electronics,Laptop,2.0,25.0,50,Mall,Hà Nội,No
863,864,27/7/2023,CUST864,Female,51,Electronics,Smartphone,1.0,500.0,500,Online,Hồ Chí Minh,No
864,865,21/12/2023,CUST865,Female,42,Clothing,Jacket,1.0,300.0,300,Online,Hà Nội,No
865,866,5/5/2023,CUST866,Male,24,Electronics,Headphones,1.0,50.0,50,Online,Hồ Chí Minh,No
866,867,6/6/2023,CUST867,Male,21,Electronics,Laptop,1.0,500.0,500,Online,Hà Nội,No
867,868,6/12/2023,CUST868,Female,25,Electronics,Smartphone,1.0,300.0,300,Online,Đà Nẵng,No
868,869,25/10/2023,CUST869,Male,37,Beauty,Perfume,3.0,500.0,1500,Online,Hà Nội,No
869,870,8/7/2023,CUST870,Female,46,Electronics,Smartphone,4.0,,0,Online,Hà Nội,No
870,871,31/8/2023,CUST871,Male,62,Beauty,Face Cream,2.0,30.0,60,Online,Hồ Chí Minh,No
871,872,11/10/2023,CUST872,Female,63,Beauty,Lipstick,3.0,25.0,75,Mall,Đà Nẵng,No
872,873,29/9/2023,CUST873,Female,27,Electronics,Headphones,4.0,25.0,100,Online,Hồ Chí Minh,No
873,874,26/6/2023,CUST874,Male,60,Beauty,Face Cream,1.0,30.0,30,Online,Hà Nội,No
874,875,6/8/2023,CUST875,Female,51,Electronics,Headphones,4.0,500.0,2000,Mall,Hà Nội,No
875,876,9/10/2023,CUST876,Male,43,Clothing,Jeans,4.0,30.0,120,Online,Cần Thơ,No
876,877,19/6/2023,CUST877,Female,58,Clothing,Jacket,1.0,25.0,25,Mall,Hồ Chí Minh,No
877,878,30/6/2023,CUST878,Female,20,Clothing,Jacket,1.0,30.0,30,Online,Hồ Chí Minh,No
878,879,26/12/2023,CUST879,Male,23,Clothing,T-Shirt,1.0,,0,Online,Hồ Chí Minh,No
879,880,21/8/2023,CUST880,Male,22,Beauty,Face Cream,2.0,500.0,1000,Online,Hồ Chí Minh,No
880,881,19/5/2023,CUST881,Male,22,Electronics,Headphones,1.0,300.0,300,Online,Hồ Chí Minh,No
881,882,6/6/2023,CUST882,Female,64,Electronics,Laptop,2.0,,0,Mall,Hà Nội,No
882,883,9/5/2023,CUST883,Male,40,Electronics,Smartphone,1.0,500.0,500,Mall,Đà Nẵng,No
883,884,29/4/2023,CUST884,Female,26,Clothing,Jacket,2.0,30.0,60,Mall,Đà Nẵng,No
884,885,3/3/2023,CUST885,Female,52,Clothing,Jacket,4.0,30.0,120,Online,Hồ Chí Minh,No
885,886,9/4/2023,CUST886,Male,37,Electronics,Headphones,3.0,300.0,900,Mall,Hà Nội,No
886,887,11/6/2023,CUST887,Male,59,Clothing,Jacket,4.0,25.0,100,Online,Cần Thơ,No
887,888,3/3/2023,CUST888,Female,52,Electronics,Laptop,4.0,25.0,100,Online,Hà Nội,No
888,889,2/10/2023,CUST889,Female,35,Electronics,Smartphone,1.0,50.0,50,Mall,Đà Nẵng,No
889,890,20/12/2023,CUST890,Male,34,Electronics,Smartphone,2.0,25.0,50,Online,Hồ Chí Minh,No
890,891,5/4/2023,CUST891,Male,41,Electronics,Laptop,3.0,300.0,900,Mall,Hà Nội,No
891,892,9/4/2023,CUST892,Male,20,Electronics,Smartphone,1.0,50.0,50,Mall,Hà Nội,No
892,893,21/4/2023,CUST893,Male,49,Electronics,Laptop,1.0,50.0,50,Online,Đà Nẵng,No
893,894,5/9/2023,CUST894,Male,52,Electronics,Laptop,1.0,30.0,30,Online,Hồ Chí Minh,No
894,895,22/5/2023,CUST895,Female,55,Clothing,Jeans,4.0,30.0,120,Mall,Hồ Chí Minh,No
895,896,29/10/2023,CUST896,Female,30,Electronics,Smartphone,2.0,25.0,50,Online,Đà Nẵng,No
896,897,26/9/2023,CUST897,Female,64,Electronics,Headphones,2.0,50.0,100,Online,Đà Nẵng,No
897,898,2/11/2023,CUST898,Female,42,Clothing,T-Shirt,3.0,30.0,90,Online,Hà Nội,No
898,899,25/5/2023,CUST899,Male,26,Clothing,T-Shirt,2.0,300.0,600,Mall,Cần Thơ,No
899,900,21/2/2023,CUST900,Male,21,Clothing,Jeans,2.0,30.0,60,Online,Hà Nội,No
900,901,10/4/2023,CUST901,Male,31,Electronics,Headphones,1.0,30.0,30,Online,Hồ Chí Minh,No
901,902,1/6/2023,CUST902,Female,54,Beauty,Lipstick,,50.0,0,Online,Đà Nẵng,No
902,903,27/4/2023,CUST903,Female,51,Beauty,Perfume,4.0,50.0,200,Mall,Hồ Chí Minh,No
903,904,4/7/2023,CUST904,Male,28,Clothing,T-Shirt,1.0,500.0,500,Online,Đà Nẵng,No
904,905,2/4/2023,CUST905,Male,58,Beauty,Face Cream,1.0,,0,Mall,Hồ Chí Minh,No
905,906,4/6/2023,CUST906,Female,20,Clothing,Jeans,1.0,50.0,50,Online,Hồ Chí Minh,No
906,907,8/1/2023,CUST907,Female,45,Electronics,Headphones,1.0,25.0,25,Online,Hà Nội,No
907,908,29/12/2023,CUST908,Male,46,Beauty,Perfume,4.0,300.0,1200,Online,Hồ Chí Minh,No
908,909,1/10/2023,CUST909,Male,26,Electronics,Laptop,1.0,300.0,300,Mall,Hồ Chí Minh,No
909,910,6/3/2023,CUST910,Female,20,Beauty,Face Cream,3.0,50.0,150,Mall,Hà Nội,No
910,911,21/5/2023,CUST911,Male,42,Electronics,Smartphone,3.0,300.0,900,Online,Hồ Chí Minh,No
911,912,24/1/2023,CUST912,Male,51,Beauty,Lipstick,3.0,50.0,150,Mall,Đà Nẵng,No
912,913,28/1/2023,CUST913,Male,29,Electronics,Laptop,3.0,30.0,90,Online,Đà Nẵng,No
913,914,11/10/2023,CUST914,Female,59,Electronics,Smartphone,1.0,500.0,500,Online,Cần Thơ,No
914,915,30/5/2023,CUST915,Female,26,Beauty,Lipstick,3.0,30.0,90,Online,Hồ Chí Minh,No
915,916,24/12/2023,CUST916,Female,32,Electronics,Laptop,1.0,50.0,50,Online,Hồ Chí Minh,No
916,917,6/3/2023,CUST917,Female,57,Electronics,Smartphone,4.0,50.0,200,Mall,Cần Thơ,No
917,918,23/11/2023,CUST918,Female,42,Electronics,Headphones,3.0,30.0,90,Online,Hà Nội,No
918,919,9/9/2023,CUST919,Female,22,Beauty,Face Cream,2.0,25.0,50,Mall,Hà Nội,No
919,920,22/2/2023,CUST920,Female,28,Beauty,Lipstick,3.0,25.0,75,Online,Hà Nội,No
920,921,7/1/2023,CUST921,Male,51,Electronics,Headphones,3.0,25.0,75,Online,Cần Thơ,No
921,922,21/10/2023,CUST922,Male,41,Electronics,Laptop,1.0,50.0,50,Mall,Hồ Chí Minh,No
922,923,26/5/2023,CUST923,Male,32,Beauty,Lipstick,3.0,300.0,900,Mall,Hà Nội,No
923,924,29/8/2023,CUST924,Male,55,Beauty,Perfume,2.0,50.0,100,Online,Hồ Chí Minh,No
924,925,3/9/2023,CUST925,Male,25,Electronics,Headphones,1.0,300.0,300,Online,Đà Nẵng,No
925,926,14/8/2023,CUST926,Male,22,Electronics,Headphones,1.0,30.0,30,Mall,Hà Nội,No
926,927,24/6/2023,CUST927,Male,43,Electronics,Smartphone,4.0,500.0,2000,Mall,Hà Nội,No
927,928,5/4/2023,CUST928,Female,35,Clothing,T-Shirt,4.0,300.0,1200,Mall,Hồ Chí Minh,No
928,929,27/1/2023,CUST929,Female,23,Beauty,Perfume,3.0,25.0,75,Mall,Hồ Chí Minh,No
929,930,10/5/2023,CUST930,Male,54,Clothing,T-Shirt,4.0,,0,Online,Hồ Chí Minh,No
930,931,2/9/2023,CUST931,Male,30,Beauty,Perfume,4.0,30.0,120,Online,Hà Nội,No
931,932,28/2/2023,CUST932,Female,45,Beauty,Perfume,4.0,25.0,100,Online,Hà Nội,No
932,933,3/2/2023,CUST933,Male,22,Beauty,Perfume,1.0,30.0,30,Mall,Cần Thơ,No
933,934,25/7/2023,CUST934,Male,30,Beauty,Lipstick,1.0,500.0,500,Mall,Đà Nẵng,No
934,935,9/9/2023,CUST935,Female,34,Beauty,Lipstick,1.0,50.0,50,Mall,Hồ Chí Minh,No
935,936,7/2/2023,CUST936,Male,57,Beauty,Perfume,4.0,50.0,200,Mall,Hà Nội,No
936,937,23/10/2023,CUST937,Female,62,Beauty,Lipstick,1.0,500.0,500,Mall,Đà Nẵng,No
937,938,19/11/2023,CUST938,Male,49,Clothing,T-Shirt,4.0,50.0,200,Online,Hồ Chí Minh,No
938,939,18/12/2023,CUST939,Female,46,Electronics,Headphones,1.0,300.0,300,Mall,Hồ Chí Minh,No
939,940,28/1/2023,CUST940,Female,20,Electronics,Smartphone,1.0,30.0,30,Mall,Hồ Chí Minh,No
940,941,19/3/2023,CUST941,Female,57,Clothing,T-Shirt,2.0,25.0,50,Mall,Hà Nội,No
941,942,18/3/2023,CUST942,Male,51,Clothing,Jeans,3.0,500.0,1500,Mall,Hà Nội,No
942,943,16/10/2023,CUST943,Female,57,Clothing,T-Shirt,4.0,300.0,1200,Mall,Hà Nội,No
943,944,5/6/2023,CUST944,Male,44,Clothing,T-Shirt,2.0,25.0,50,Online,Hồ Chí Minh,No
944,945,13/2/2023,CUST945,Male,30,Beauty,Lipstick,1.0,25.0,25,Mall,Hồ Chí Minh,No
945,946,8/5/2023,CUST946,Male,62,Electronics,Laptop,4.0,500.0,2000,Mall,Đà Nẵng,No
946,947,2/3/2023,CUST947,Male,50,Beauty,Perfume,,300.0,0,Online,Đà Nẵng,No
947,948,13/10/2023,CUST948,Female,23,Electronics,Smartphone,3.0,25.0,75,Mall,Hồ Chí Minh,No
948,949,2/8/2023,CUST949,Female,41,Electronics,Headphones,2.0,25.0,50,Mall,Hồ Chí Minh,No
949,950,7/11/2023,CUST950,Male,36,Clothing,Jacket,3.0,300.0,900,Online,Đà Nẵng,No
950,951,2/11/2023,CUST951,Male,33,Beauty,Perfume,2.0,50.0,100,Online,Cần Thơ,No
951,952,13/11/2023,CUST952,Female,57,Clothing,Jacket,1.0,25.0,25,Online,Hồ Chí Minh,No
952,953,26/4/2023,CUST953,Male,45,Beauty,Perfume,3.0,30.0,90,Mall,Hồ Chí Minh,No
953,954,25/9/2023,CUST954,Female,50,Electronics,Laptop,3.0,,0,Online,Hồ Chí Minh,No
954,955,14/7/2023,CUST955,Male,58,Clothing,T-Shirt,1.0,25.0,25,Mall,Đà Nẵng,No
955,956,19/8/2023,CUST956,Male,30,Clothing,T-Shirt,3.0,500.0,1500,Mall,Hồ Chí Minh,No
956,957,15/8/2023,CUST957,Female,60,Electronics,Laptop,4.0,30.0,120,Mall,Hồ Chí Minh,No
957,958,2/6/2023,CUST958,Male,62,Electronics,Smartphone,2.0,25.0,50,Online,Cần Thơ,No
958,959,29/10/2023,CUST959,Female,42,Electronics,Laptop,2.0,30.0,60,Online,Cần Thơ,No
959,960,8/8/2023,CUST960,Male,59,Clothing,T-Shirt,2.0,30.0,60,Mall,Hà Nội,No
960,961,6/6/2023,CUST961,Male,53,Beauty,Lipstick,4.0,50.0,200,Mall,Hồ Chí Minh,No
961,962,19/10/2023,CUST962,Male,44,Clothing,T-Shirt,2.0,30.0,60,Mall,Đà Nẵng,No
962,963,14/11/2023,CUST963,Female,55,Beauty,Face Cream,1.0,50.0,50,Mall,Đà Nẵng,No
963,964,31/1/2023,CUST964,Male,24,Clothing,Jeans,3.0,300.0,900,Mall,Hồ Chí Minh,No
964,965,9/11/2023,CUST965,Male,22,Clothing,Jacket,4.0,50.0,200,Mall,Hồ Chí Minh,No
965,966,20/2/2023,CUST966,Male,60,Electronics,Headphones,2.0,500.0,1000,Online,Hồ Chí Minh,No
966,967,17/4/2023,CUST967,Male,62,Beauty,Lipstick,1.0,25.0,25,Mall,Cần Thơ,No
967,968,17/11/2023,CUST968,Female,48,Clothing,Jacket,3.0,300.0,900,Mall,Đà Nẵng,No
968,969,19/4/2023,CUST969,Female,40,Clothing,Jacket,3.0,300.0,900,Online,Hà Nội,No
969,970,16/5/2023,CUST970,Male,59,Electronics,Headphones,4.0,500.0,2000,Online,Hà Nội,No
970,971,5/12/2023,CUST971,Female,27,Electronics,Headphones,4.0,50.0,200,Mall,Hồ Chí Minh,No
971,972,11/2/2023,CUST972,Male,49,Beauty,Lipstick,4.0,25.0,100,Online,Cần Thơ,No
972,973,22/3/2023,CUST973,Male,60,Clothing,T-Shirt,1.0,50.0,50,Online,Hồ Chí Minh,No
973,974,3/5/2023,CUST974,Male,47,Beauty,Face Cream,1.0,30.0,30,Mall,Hồ Chí Minh,No
974,975,30/3/2023,CUST975,Female,56,Clothing,T-Shirt,4.0,50.0,200,Online,Hồ Chí Minh,No
975,976,10/10/2023,CUST976,Female,48,Beauty,Lipstick,2.0,300.0,600,Mall,Đà Nẵng,No
976,977,8/2/2023,CUST977,Female,35,Electronics,Laptop,3.0,25.0,75,Online,Hà Nội,No
977,978,22/3/2023,CUST978,Female,53,Clothing,T-Shirt,3.0,50.0,150,Online,Đà Nẵng,No
978,979,2/1/2023,CUST979,Female,19,Beauty,Lipstick,1.0,25.0,25,Mall,Hồ Chí Minh,No
979,980,29/7/2023,CUST980,Female,31,Electronics,Laptop,3.0,25.0,75,Online,Hồ Chí Minh,No
980,981,19/8/2023,CUST981,Female,30,Electronics,Headphones,2.0,30.0,60,Mall,Cần Thơ,No
981,982,19/12/2023,CUST982,Female,46,Beauty,Face Cream,3.0,30.0,90,Online,Hồ Chí Minh,No
982,983,1/11/2023,CUST983,Female,29,Clothing,T-Shirt,1.0,300.0,300,Online,Hồ Chí Minh,No
983,984,29/8/2023,CUST984,Male,56,Clothing,Jeans,1.0,500.0,500,Mall,Hà Nội,No
984,985,30/5/2023,CUST985,Female,19,Electronics,Laptop,2.0,25.0,50,Mall,Hồ Chí Minh,No
985,986,17/1/2023,CUST986,Female,49,Clothing,Jacket,2.0,500.0,1000,Online,Cần Thơ,No
986,987,29/4/2023,CUST987,Female,30,Clothing,Jacket,3.0,300.0,900,Online,Đà Nẵng,No
987,988,28/5/2023,CUST988,Female,63,Clothing,Jeans,3.0,25.0,75,Online,Hà Nội,No
988,989,28/12/2023,CUST989,Female,44,Electronics,Headphones,1.0,25.0,25,Mall,Cần Thơ,No
989,990,25/5/2023,CUST990,Female,58,Beauty,Perfume,2.0,500.0,1000,Mall,Hồ Chí Minh,No
990,991,26/12/2023,CUST991,Female,34,Clothing,Jeans,2.0,50.0,100,Online,Hà Nội,No
991,992,21/8/2023,CUST992,Female,57,Electronics,Headphones,2.0,30.0,60,Online,Đà Nẵng,No
992,993,6/2/2023,CUST993,Female,48,Electronics,Laptop,3.0,50.0,150,Mall,Hà Nội,No
993,994,18/12/2023,CUST994,Female,51,Beauty,Face Cream,2.0,500.0,1000,Online,Hồ Chí Minh,No
994,995,30/4/2023,CUST995,Female,41,Clothing,Jacket,1.0,30.0,30,Online,Hà Nội,No
995,996,16/5/2023,CUST996,Male,62,Clothing,Jacket,1.0,50.0,50,Online,Cần Thơ,No
996,997,17/11/2023,CUST997,Male,52,Beauty,Face Cream,3.0,30.0,90,Mall,Đà Nẵng,No
997,998,29/10/2023,CUST998,Female,23,Beauty,Face Cream,4.0,25.0,100,Online,Đà Nẵng,No
998,999,5/12/2023,CUST999,Female,36,Electronics,Laptop,3.0,50.0,150,Mall,Hà Nội,No
999,1000,12/4/2023,CUST1000,Male,47,Electronics,Smartphone,4.0,30.0,120,Mall,Hồ Chí Minh,No
